deviceID;msg_cnt;batch_ID;ec00;ec01;ec03;ec05;ec08;act_cnt;deact_cnt;boot_cnt;payload_cnt;1st_act;last_act;1st_deact;last_deact;1st_boot;last_boot;1st_payload;last_payload;lqi_avr;lqi_min;lqi_max;n_base_stations_avr;n_base_stations_min;n_base_stations_max;seq_max;runtime_total;runtime_act
9E75B1;357;;2;0;1;0;0;1;0;0;353;2025-03-11_19:35;2025-03-11_19:35;;;2025-02-28_09:48;2025-03-05_07:33;2025-03-11_20:33;2025-03-26_20:44;1.9327731092436975;1;3;1.022408963585434;0;2;362;26.455555555555556;15.047916666666667
9E7CD5;338;;2;0;0;0;0;1;0;0;335;2025-03-11_02:32;2025-03-11_02:32;;;2025-02-28_08:58;2025-03-05_06:38;2025-03-11_03:31;2025-03-25_07:33;1.9497041420118344;1;3;0.9497041420118343;0;3;344;24.94097222222222;14.209027777777777
9E7382;330;;2;0;0;0;0;1;0;0;327;2025-03-11_23:23;2025-03-11_23:23;;;2025-02-28_09:22;2025-03-05_06:45;2025-03-12_00:22;2025-03-26_23:14;1.906060606060606;1;2;0.48787878787878786;0;2;357;26.57777777777778;14.99375
9E77A4;314;;2;0;0;0;0;1;0;0;311;2025-03-11_23:19;2025-03-11_23:19;;;2025-02-28_08:51;2025-03-05_06:36;2025-03-12_00:17;2025-03-25_15:35;2.089171974522293;1;3;1.015923566878981;0;3;329;25.280555555555555;13.677777777777777
9E7735;305;;2;0;0;0;0;1;0;0;302;2025-03-11_15:22;2025-03-11_15:22;;;2025-02-28_09:46;2025-03-05_07:26;2025-03-11_16:21;2025-03-25_15:20;1.9901639344262294;1;2;0.05901639344262295;0;1;336;25.231944444444444;13.998611111111112
9E7D3D;303;;0;0;0;0;303;0;0;0;0;;;;;2025-03-05_10:36;2025-03-07_16:51;;;1.9966996699669968;1;3;0.45874587458745875;0;2;303;2.2604166666666665;
9EAD9E;302;;2;0;0;0;0;1;0;0;299;2025-03-11_23:13;2025-03-11_23:13;;;2025-02-28_09:00;2025-03-04_14:47;2025-03-12_00:11;2025-03-25_01:44;2.115894039735099;1;3;0.9105960264900662;0;2;317;24.697222222222223;13.104861111111111
9E7195;302;;2;0;0;0;0;1;0;0;299;2025-03-11_19:33;2025-03-11_19:33;;;2025-02-28_09:19;2025-03-05_07:06;2025-03-11_20:32;2025-03-25_15:19;1.9768211920529801;1;2;0.5198675496688742;0;2;331;25.25;13.823611111111111
9E7CE2;296;;1;0;0;0;295;0;0;0;0;;;;;2025-02-28_08:54;2025-03-07_15:10;;;2.0033783783783785;1;3;0.44932432432432434;0;2;297;7.261111111111111;
9EADA8;295;;0;0;0;0;295;0;0;0;0;;;;;2025-02-28_08:56;2025-03-02_19:55;;;2.0;2;2;0.0;0;0;315;2.457638888888889;
9EAE91;295;;2;0;0;0;0;1;0;0;292;2025-03-11_19:49;2025-03-11_19:49;;;2025-02-28_08:26;2025-03-05_08:08;2025-03-11_20:47;2025-03-26_15:08;1.8949152542372882;1;2;0.2847457627118644;0;1;359;26.279166666666665;14.80486111111111
9E7B04;293;;2;0;0;0;0;1;0;0;290;2025-03-11_23:20;2025-03-11_23:20;;;2025-02-28_09:12;2025-03-05_06:53;2025-03-12_00:18;2025-03-24_12:48;2.051194539249147;1;3;0.8737201365187713;0;2;305;24.15;12.561111111111112
9EAD9D;287;;3;1;0;0;0;1;0;0;282;2025-03-11_19:37;2025-03-11_19:37;;;2025-02-28_09:42;2025-03-05_07:21;2025-03-11_20:36;2025-03-25_14:59;1.5226480836236933;1;2;0.34494773519163763;0;2;333;25.22013888888889;13.806944444444444
9EAAC7;285;;2;0;0;0;0;1;0;0;282;2025-03-11_23:08;2025-03-11_23:08;;;2025-02-28_08:42;2025-03-05_07:50;2025-03-12_00:06;2025-03-25_10:19;1.936842105263158;1;2;0.23859649122807017;0;3;327;25.06736111111111;13.465972222222222
9E6C09;284;;2;0;0;0;0;1;0;0;281;2025-03-11_23:21;2025-03-11_23:21;;;2025-02-28_08:55;2025-03-04_14:50;2025-03-12_00:20;2025-03-24_08:28;2.0;1;3;0.7746478873239436;0;2;299;23.98125;12.379861111111111
9EB3BC;281;;2;0;0;0;0;1;0;0;278;2025-03-11_23:18;2025-03-11_23:18;;;2025-02-28_09:35;2025-03-05_07:11;2025-03-12_00:16;2025-03-24_10:37;2.0569395017793592;1;3;1.1245551601423487;0;3;297;24.043055555555554;12.471527777777778
9E7564;279;;2;0;0;0;0;1;0;0;276;2025-03-15_19:30;2025-03-15_19:30;;;2025-02-28_09:38;2025-03-05_07:47;2025-03-15_20:28;2025-03-27_13:15;2.017921146953405;1;3;1.1756272401433692;0;2;285;27.150694444444444;11.739583333333334
9EAD6C;278;;2;0;0;0;0;1;0;0;275;2025-03-11_23:13;2025-03-11_23:13;;;2025-02-28_08:50;2025-03-05_06:36;2025-03-12_00:11;2025-03-24_16:56;2.064748201438849;1;3;0.658273381294964;0;2;308;24.3375;12.738194444444444
9EA865;272;;2;0;0;0;0;1;0;0;269;2025-03-16_05:04;2025-03-16_05:04;;;2025-03-05_10:37;2025-03-05_12:03;2025-03-16_06:02;2025-03-27_13:36;2.0919117647058822;1;3;1.0073529411764706;0;3;274;22.124305555555555;11.355555555555556
9EDAFE;270;;2;0;0;0;0;1;0;0;267;2025-03-16_05:05;2025-03-16_05:05;;;2025-02-28_09:48;2025-03-05_07:48;2025-03-16_06:04;2025-03-27_13:30;2.348148148148148;1;3;1.211111111111111;0;2;273;27.154166666666665;11.350694444444445
9E7CEA;269;;2;0;0;0;0;1;0;0;266;2025-03-16_05:07;2025-03-16_05:07;;;2025-03-05_10:29;2025-03-05_11:58;2025-03-16_06:06;2025-03-27_13:11;2.200743494423792;1;3;1.0817843866171004;0;2;272;22.1125;11.33611111111111
9E73CF;268;;2;0;0;0;0;1;0;0;265;2025-03-16_05:12;2025-03-16_05:12;;;2025-02-28_08:39;2025-03-05_08:14;2025-03-16_06:10;2025-03-27_13:57;1.9888059701492538;1;3;0.7126865671641791;0;2;275;27.220833333333335;11.364583333333334
9E6A25;267;;3;0;0;0;0;1;0;0;263;2025-03-16_05:04;2025-03-16_05:04;;;2025-02-28_08:30;2025-03-05_07:59;2025-03-16_06:03;2025-03-27_13:13;2.0299625468164795;1;3;1.1348314606741574;0;2;276;27.196527777777778;11.339583333333334
9E7928;265;;2;0;0;0;0;1;0;0;262;2025-03-16_05:09;2025-03-16_05:09;;;2025-03-05_10:26;2025-03-05_12:06;2025-03-16_06:07;2025-03-27_13:56;1.9924528301886792;1;3;0.9622641509433962;0;2;276;22.145833333333332;11.365972222222222
9E7CE0;258;;2;0;0;0;0;1;0;0;255;2025-03-11_23:18;2025-03-11_23:18;;;2025-02-28_08:56;2025-03-04_14:45;2025-03-12_00:15;2025-03-23_22:47;2.0968992248062017;1;3;0.8410852713178295;0;2;293;23.577083333333334;11.978472222222223
9E7981;255;;2;0;0;0;0;1;0;0;252;2025-03-11_23:09;2025-03-11_23:09;;;2025-02-28_08:53;2025-03-04_14:58;2025-03-12_00:07;2025-03-25_00:59;1.9098039215686275;1;3;0.8901960784313725;0;2;319;24.670833333333334;13.07638888888889
9E6A1A;250;;2;0;0;0;0;1;0;0;247;2025-03-16_05:09;2025-03-16_05:09;;;2025-02-28_08:49;2025-03-05_07:50;2025-03-16_06:07;2025-03-27_13:48;1.688;1;3;0.704;0;2;275;27.207638888888887;11.360416666666667
9E7CEC;246;;3;0;0;0;0;1;0;0;242;2025-03-16_05:06;2025-03-16_05:06;;;2025-02-28_08:33;2025-03-05_08:13;2025-03-16_06:05;2025-03-27_13:26;1.589430894308943;1;3;0.5528455284552846;0;2;274;27.20347222222222;11.347222222222221
9E6FC4;245;;2;0;0;0;0;1;0;0;242;2025-03-16_05:03;2025-03-16_05:03;;;2025-02-28_08:46;2025-03-05_08:56;2025-03-16_06:01;2025-03-27_09:55;1.8775510204081634;1;3;0.5918367346938775;0;2;275;27.047916666666666;11.202777777777778
9E6C11;235;;2;0;0;0;0;0;0;0;233;;;;;2025-02-28_09:47;2025-03-05_07:38;2025-03-11_00:20;2025-03-21_10:54;1.876595744680851;1;3;0.8;0;3;296;21.04652777777778;
9E773F;229;;2;0;0;0;0;0;0;0;227;;;;;2025-02-28_09:39;2025-03-05_07:12;2025-03-11_01:27;2025-03-22_22:38;1.8646288209606987;1;3;0.4847161572052402;0;3;328;22.540972222222223;
9E71B0;226;;2;0;0;0;0;1;0;0;223;2025-03-11_19:54;2025-03-11_19:54;;;2025-02-28_09:20;2025-03-04_14:44;2025-03-11_20:53;2025-03-24_14:58;1.7876106194690264;1;2;0.4778761061946903;0;2;310;24.23472222222222;12.794444444444444
9E7568;226;;2;0;0;0;0;1;0;0;223;2025-03-16_05:11;2025-03-16_05:11;;;2025-02-28_09:11;2025-03-05_06:34;2025-03-16_06:10;2025-03-27_09:42;1.920353982300885;1;3;1.0973451327433628;0;2;270;27.021527777777777;11.188194444444445
9E7932;225;;3;0;0;0;0;1;0;0;221;2025-03-16_05:06;2025-03-16_05:06;;;2025-02-28_09:44;2025-03-05_08:16;2025-03-16_06:04;2025-03-25_08:55;2.017777777777778;1;3;0.6533333333333333;0;2;225;24.965972222222224;9.159027777777778
9EAE8D;224;;2;0;0;0;0;1;0;0;221;2025-03-16_05:06;2025-03-16_05:06;;;2025-02-28_08:25;2025-03-05_07:53;2025-03-16_06:04;2025-03-27_09:11;1.9776785714285714;1;3;0.08035714285714286;0;2;271;27.031944444444445;11.17013888888889
9E7B0C;224;;2;0;0;0;0;1;0;0;221;2025-03-15_19:37;2025-03-15_19:37;;;2025-02-28_09:21;2025-03-05_07:01;2025-03-15_20:35;2025-03-26_07:47;1.8482142857142858;1;3;0.20089285714285715;0;2;255;25.934722222222224;10.506944444444445
9EADD9;217;;2;0;0;0;0;1;0;0;214;2025-03-11_23:09;2025-03-11_23:09;;;2025-02-28_09:13;2025-03-05_06:50;2025-03-12_00:08;2025-03-23_07:14;1.9861751152073732;1;3;0.12442396313364056;0;2;274;22.917361111111113;11.336805555555555
9E7CE3;216;;2;0;0;0;0;1;0;0;213;2025-03-16_05:08;2025-03-16_05:08;;;2025-02-28_09:39;2025-03-05_07:43;2025-03-16_06:07;2025-03-26_22:51;1.875;1;3;0.30092592592592593;0;2;261;26.55;10.738194444444444
9EB3C0;216;;2;0;0;0;0;1;0;0;213;2025-03-11_15:21;2025-03-11_15:21;;;2025-03-04_10:51;2025-03-05_07:31;2025-03-11_16:19;2025-03-25_10:30;1.6435185185185186;1;2;0.21296296296296297;0;2;333;20.985416666666666;13.797916666666667
9E7385;216;;2;0;0;0;0;1;0;0;213;2025-03-16_05:06;2025-03-16_05:06;;;2025-02-28_08:27;2025-03-05_08:09;2025-03-16_06:04;2025-03-26_07:22;1.9027777777777777;1;3;0.37962962962962965;0;2;243;25.95486111111111;10.094444444444445
9EA8AB;210;;2;0;0;0;0;1;0;0;207;2025-03-17_06:54;2025-03-17_06:54;;;2025-02-28_08:55;2025-03-05_06:32;2025-03-17_07:52;2025-03-27_12:44;1.8;1;2;0.6571428571428571;0;3;249;27.159027777777776;10.243055555555555
9EABAF;210;;2;0;0;0;0;1;0;0;207;2025-03-16_05:11;2025-03-16_05:11;;;2025-02-28_08:29;2025-03-05_08:07;2025-03-16_06:09;2025-03-27_13:28;1.6285714285714286;1;2;0.11904761904761904;0;1;275;27.207638888888887;11.345138888888888
9E75CB;210;;2;0;0;0;0;1;0;0;207;2025-03-11_19:32;2025-03-11_19:32;;;2025-02-28_09:44;2025-03-05_07:10;2025-03-11_20:31;2025-03-24_10:12;1.5;1;3;0.5333333333333333;0;3;303;24.019444444444446;12.61111111111111
9EADA6;208;;2;0;0;0;0;1;0;0;205;2025-03-11_23:24;2025-03-11_23:24;;;2025-02-28_08:42;2025-03-04_14:49;2025-03-12_00:22;2025-03-22_03:50;1.8028846153846154;1;2;0.5865384615384616;0;2;246;21.79722222222222;10.184722222222222
9E73DF;207;;2;0;0;0;0;1;0;0;204;2025-03-11_23:18;2025-03-11_23:18;;;2025-02-28_09:27;2025-03-05_06:50;2025-03-12_00:17;2025-03-24_09:36;1.893719806763285;1;3;0.6618357487922706;0;3;301;24.00625;12.429166666666667
9EAD9B;201;;2;0;0;0;0;1;0;0;198;2025-03-16_05:01;2025-03-16_05:01;;;2025-02-28_09:32;2025-03-05_07:29;2025-03-16_06:00;2025-03-25_07:49;2.0;1;3;0.47761194029850745;0;2;221;24.928472222222222;9.116666666666667
9EAA76;201;;2;0;0;0;0;1;0;0;198;2025-03-15_19:40;2025-03-15_19:40;;;2025-02-28_09:21;2025-03-05_07:03;2025-03-15_20:39;2025-03-25_14:54;1.9800995024875623;1;2;0.009950248756218905;0;1;236;25.23125;9.801388888888889
9E6DD9;200;;2;0;0;0;0;1;0;0;197;2025-03-11_19:37;2025-03-11_19:37;;;2025-02-28_09:18;2025-03-05_07:08;2025-03-11_20:35;2025-03-24_07:14;1.86;1;3;0.755;0;2;299;23.913888888888888;12.484027777777778
9EA8C2;199;;2;0;0;0;0;1;0;0;196;2025-03-11_23:19;2025-03-11_23:19;;;2025-02-28_09:25;2025-03-05_06:52;2025-03-12_00:19;2025-03-21_23:12;1.693467336683417;1;2;0.12562814070351758;0;2;237;21.574305555555554;9.995138888888889
9E779E;198;;2;0;0;0;0;1;0;0;195;2025-03-16_05:01;2025-03-16_05:01;;;2025-02-28_09:16;2025-03-05_06:59;2025-03-16_06:00;2025-03-25_11:01;1.6565656565656566;1;2;0.1919191919191919;0;2;225;25.072916666666668;9.25
9EADFA;196;;2;0;0;0;0;1;0;0;193;2025-03-11_23:16;2025-03-11_23:16;;;2025-02-28_08:46;2025-03-05_06:40;2025-03-12_00:14;2025-03-20_21:17;1.9489795918367347;1;2;0.5051020408163265;0;2;217;20.521527777777777;8.917361111111111
9E6C0F;194;;2;0;0;0;0;1;0;0;191;2025-03-11_19:22;2025-03-11_19:22;;;2025-02-28_08:32;2025-03-05_08:06;2025-03-11_20:20;2025-03-19_20:55;2.0051546391752577;1;3;1.1237113402061856;0;2;197;19.51597222222222;8.064583333333333
9EA854;192;;2;0;0;0;0;1;0;0;189;2025-03-11_19:34;2025-03-11_19:34;;;2025-02-28_09:47;2025-03-05_07:37;2025-03-11_20:32;2025-03-19_20:02;1.8125;1;2;1.03125;0;2;196;19.427083333333332;8.019444444444444
9EA860;178;;2;0;0;0;0;1;0;0;175;2025-03-17_06:59;2025-03-17_06:59;;;2025-02-28_09:42;2025-03-05_07:43;2025-03-17_08:58;2025-03-25_15:26;1.747191011235955;0;2;0.3202247191011236;0;2;202;25.238888888888887;8.352083333333333
9EAE12;176;;2;0;0;0;0;1;0;0;173;2025-03-17_06:51;2025-03-17_06:51;;;2025-03-05_10:36;2025-03-05_11:54;2025-03-17_07:49;2025-03-25_22:50;1.8295454545454546;1;2;0.3693181818181818;0;2;211;20.509722222222223;8.665972222222223
9EAADA;173;;3;0;0;0;0;1;0;0;169;2025-04-03_12:04;2025-04-03_12:04;;;2025-02-28_09:09;2025-04-03_09:19;2025-04-03_13:02;2025-04-10_13:06;2.0;2;2;1.2138728323699421;0;3;174;41.16458333333333;7.043055555555555
9E796F;164;;3;1;0;0;0;1;0;0;159;2025-03-17_06:54;2025-03-17_06:54;;;2025-03-05_10:37;2025-03-05_11:53;2025-03-17_07:53;2025-03-24_22:46;1.6097560975609757;1;2;0.3780487804878049;0;2;188;19.50625;7.661111111111111
9E720B;163;;2;0;0;0;0;1;0;0;160;2025-03-11_23:14;2025-03-11_23:14;;;2025-02-28_08:26;2025-03-05_07:51;2025-03-12_00:13;2025-03-18_22:45;1.6134969325153374;1;3;0.3312883435582822;0;2;169;18.596527777777776;6.979861111111111
9E720A;160;;2;0;0;0;0;1;0;0;157;2025-03-11_15:20;2025-03-11_15:20;;;2025-02-28_09:45;2025-03-05_07:44;2025-03-11_16:18;2025-03-24_22:05;1.7125;1;2;0.225;0;2;323;24.51388888888889;13.28125
9EADA1;158;;2;0;0;0;0;1;0;0;155;2025-03-16_04:59;2025-03-16_04:59;;;2025-03-05_10:28;2025-03-05_12:06;2025-03-16_05:57;2025-03-27_13:05;1.379746835443038;1;3;0.43037974683544306;0;2;273;22.10902777777778;11.3375
9E6BFF;155;;2;0;0;0;0;1;0;0;152;2025-03-16_05:11;2025-03-16_05:11;;;2025-02-28_08:34;2025-03-05_07:52;2025-03-16_06:10;2025-03-23_01:29;2.0;1;3;0.34838709677419355;0;2;166;22.70486111111111;6.845833333333333
9E773D;152;;2;0;0;0;0;1;0;0;149;2025-03-11_19:33;2025-03-11_19:33;;;2025-02-28_09:37;2025-03-05_07:12;2025-03-11_20:31;2025-03-22_14:51;1.4144736842105263;1;2;0.3355263157894737;0;2;264;22.218055555555555;10.804166666666667
9E7920;151;;2;0;0;0;0;1;0;0;148;2025-03-11_23:21;2025-03-11_23:21;;;2025-02-28_09:00;2025-03-04_14:42;2025-03-12_00:20;2025-03-19_23:20;1.9205298013245033;1;3;0.7284768211920529;0;3;193;19.59722222222222;7.999305555555556
9EAD62;149;;2;0;0;0;0;1;0;0;146;2025-03-16_04:58;2025-03-16_04:58;;;2025-02-28_08:48;2025-03-04_14:56;2025-03-16_05:57;2025-03-23_22:53;1.6241610738255035;1;3;0.35570469798657717;0;2;187;23.586805555555557;7.746527777777778
9EADA4;145;;2;0;0;0;0;1;0;0;142;2025-03-11_23:22;2025-03-11_23:22;;;2025-02-28_09:24;2025-03-05_06:48;2025-03-12_00:20;2025-03-19_10:07;1.7862068965517242;1;2;0.46206896551724136;0;2;182;19.02986111111111;7.447916666666667
9E7B0A;139;;2;0;0;0;0;1;0;0;136;2025-03-11_23:19;2025-03-11_23:19;;;2025-02-28_09:13;2025-03-05_06:49;2025-03-12_00:17;2025-03-24_11:30;1.5683453237410072;1;2;0.20863309352517986;0;1;302;24.09513888888889;12.50763888888889
9EAA75;136;;2;0;0;0;0;1;0;0;133;2025-03-15_19:41;2025-03-15_19:41;;;2025-02-28_09:15;2025-03-05_07:07;2025-03-15_20:39;2025-03-25_07:53;1.786764705882353;1;3;0.39705882352941174;0;2;232;24.943055555555556;9.508333333333333
9EAFAD;126;;1;0;0;0;0;1;0;0;124;2025-03-15_19:32;2025-03-15_19:32;;;2025-02-28_09:46;2025-02-28_09:46;2025-03-15_20:31;2025-03-25_18:45;1.0634920634920635;1;2;0.031746031746031744;0;1;239;25.374305555555555;9.967361111111112
9EAE85;124;;2;0;0;0;0;1;0;0;121;2025-03-16_05:06;2025-03-16_05:06;;;2025-02-28_09:40;2025-03-05_07:47;2025-03-16_06:04;2025-03-25_08:30;1.4193548387096775;1;3;0.1774193548387097;0;2;221;24.95138888888889;9.141666666666667
9EAED0;123;;2;0;0;0;0;0;0;0;121;;;;;2025-02-28_09:48;2025-03-05_07:37;2025-03-10_23:51;2025-03-18_11:34;1.6829268292682926;1;2;0.22764227642276422;0;1;228;18.073611111111113;
9E6A19;113;;2;0;0;0;0;1;0;0;110;2025-03-17_06:53;2025-03-17_06:53;;;2025-02-28_09:30;2025-03-05_06:43;2025-03-17_07:51;2025-03-26_08:44;1.2831858407079646;0;2;0.3008849557522124;0;2;219;25.968055555555555;9.077083333333333
9EABA3;108;;2;1;0;0;0;1;0;0;104;2025-03-11_23:20;2025-03-11_23:20;;;2025-02-28_08:54;2025-03-04_14:49;2025-03-12_00:18;2025-03-17_13:15;1.7222222222222223;1;2;0.21296296296296297;0;1;139;17.18125;5.579861111111111
9E7790;104;;2;0;0;0;0;1;0;0;101;2025-03-15_19:36;2025-03-15_19:36;;;2025-02-28_09:37;2025-03-05_06:57;2025-03-15_20:34;2025-03-25_11:18;1.6346153846153846;1;2;0.0673076923076923;0;1;235;25.070138888888888;9.654166666666667
9E7971;99;;2;0;0;0;0;1;0;0;96;2025-03-11_15:28;2025-03-11_15:28;;;2025-02-28_09:34;2025-03-05_07:28;2025-03-11_16:27;2025-03-21_13:41;1.9292929292929293;1;3;0.2828282828282828;0;2;237;21.17152777777778;9.925694444444444
9EADEA;98;;2;0;0;0;0;1;0;0;95;2025-03-11_19:34;2025-03-11_19:34;;;2025-02-28_09:32;2025-03-05_07:30;2025-03-11_20:32;2025-03-23_07:53;1.6734693877551021;1;2;0.3469387755102041;0;1;280;22.93125;11.513194444444444
9E7572;95;;2;0;0;0;0;1;0;0;92;2025-03-11_19:38;2025-03-11_19:38;;;2025-02-28_09:31;2025-03-05_06:56;2025-03-11_20:37;2025-03-24_04:51;1.6;1;2;0.28421052631578947;0;2;295;23.805555555555557;12.384027777777778
9EAAD0;93;;2;0;0;0;0;1;0;0;90;2025-03-11_23:21;2025-03-11_23:21;;;2025-02-28_09:45;2025-03-05_07:42;2025-03-12_00:20;2025-03-23_08:25;1.924731182795699;1;2;0.24731182795698925;0;1;276;22.944444444444443;11.377777777777778
9E756D;93;;2;0;0;0;0;1;0;0;90;2025-03-11_23:11;2025-03-11_23:11;;;2025-02-28_09:28;2025-03-05_06:54;2025-03-12_00:09;2025-03-24_05:15;1.924731182795699;1;2;0.23655913978494625;0;2;298;23.824305555555554;12.252777777777778
9E6FC8;93;;2;0;0;0;0;1;0;0;90;2025-03-11_23:23;2025-03-11_23:23;;;2025-02-28_09:18;2025-03-05_07:07;2025-03-12_00:22;2025-03-24_04:32;1.6666666666666667;1;2;0.21505376344086022;0;1;295;23.801388888888887;12.214583333333334
9E71B1;89;;3;1;0;0;0;1;0;0;84;2025-03-15_19:33;2025-03-15_19:33;;;2025-02-28_08:40;2025-03-05_08:09;2025-03-15_20:32;2025-03-19_17:13;1.5842696629213484;1;2;0.16853932584269662;0;1;98;19.35625;3.9027777777777777
9EB3CA;88;;2;0;0;0;0;1;0;0;85;2025-03-11_15:30;2025-03-11_15:30;;;2025-02-28_08:47;2025-03-04_14:54;2025-03-11_16:29;2025-03-17_15:43;1.7272727272727273;1;3;0.36363636363636365;0;2;146;17.288888888888888;6.009027777777778
9E6DDD;82;;2;0;0;0;0;1;0;0;79;2025-03-11_23:16;2025-03-11_23:16;;;2025-02-28_08:30;2025-03-05_08:06;2025-03-12_00:15;2025-03-15_19:48;1.9024390243902438;1;2;0.32926829268292684;0;2;95;15.470833333333333;3.8555555555555556
9ED918;74;;2;0;0;0;0;1;0;0;71;2025-03-11_23:13;2025-03-11_23:13;;;2025-02-28_09:14;2025-03-05_07:01;2025-03-12_00:12;2025-03-17_17:12;1.7702702702702702;1;2;0.22972972972972974;0;2;140;17.331944444444446;5.749305555555556
9EAE87;72;;2;0;0;0;0;1;0;0;69;2025-03-17_07:04;2025-03-17_07:04;;;2025-02-28_08:44;2025-03-05_06:30;2025-03-17_08:03;2025-03-25_03:53;1.8611111111111112;0;2;0.3194444444444444;0;1;190;24.797916666666666;7.867361111111111
9EADFB;61;;2;0;0;0;0;1;0;0;58;2025-03-16_05:01;2025-03-16_05:01;;;2025-02-28_08:34;2025-03-05_07:58;2025-03-16_06:00;2025-03-27_02:03;1.3934426229508197;1;2;0.29508196721311475;0;2;266;26.728472222222223;10.876388888888888
9EACE1;60;;2;0;0;0;0;1;0;0;57;2025-03-17_06:51;2025-03-17_06:51;;;2025-03-06_07:53;2025-03-06_07:54;2025-03-17_07:50;2025-03-25_07:07;1.6;0;2;0.26666666666666666;0;3;196;18.968055555555555;8.011111111111111
9E7752;58;;2;0;0;0;0;1;0;0;55;2025-03-16_05:04;2025-03-16_05:04;;;2025-02-28_08:35;2025-03-05_08:04;2025-03-16_06:03;2025-03-25_09:11;1.4655172413793103;0;2;0.29310344827586204;0;1;221;25.025;9.171527777777778
9E756C;57;;2;1;0;0;0;0;0;0;54;;;;;2025-02-28_09:35;2025-03-05_07:31;2025-03-10_23:59;2025-03-14_19:38;1.6666666666666667;1;2;0.12280701754385964;0;1;132;14.41875;
9EAE9F;51;;2;1;0;0;0;1;0;0;47;2025-03-11_23:18;2025-03-11_23:18;;;2025-02-28_08:59;2025-03-04_14:38;2025-03-12_00:17;2025-03-17_07:23;1.9607843137254901;1;2;0.37254901960784315;0;1;132;16.933333333333334;5.336805555555555
9E71A0;51;;2;0;0;0;0;1;0;0;48;2025-03-11_23:18;2025-03-11_23:18;;;2025-02-28_09:37;2025-03-05_07:47;2025-03-12_00:17;2025-03-14_12:20;1.9215686274509804;1;2;0.3333333333333333;0;1;64;14.113194444444444;2.5430555555555556
9EAA77;50;;2;0;0;0;0;1;0;0;47;2025-03-11_23:15;2025-03-11_23:15;;;2025-02-28_09:11;2025-03-04_14:41;2025-03-12_00:13;2025-03-15_10:48;1.9;1;2;0.34;0;1;87;15.067361111111111;3.48125
9E797B;49;;2;0;0;0;0;1;0;0;46;2025-03-17_06:57;2025-03-17_06:57;;;2025-02-28_09:29;2025-03-05_06:43;2025-03-17_07:55;2025-03-26_00:35;1.4081632653061225;0;2;0.10204081632653061;0;1;213;25.629166666666666;8.734722222222222
9E791E;47;;2;0;0;0;0;1;0;0;44;2025-03-16_05:10;2025-03-16_05:10;;;2025-03-05_08:04;2025-03-05_08:05;2025-03-16_06:07;2025-03-20_03:23;1.9361702127659575;0;3;0.5957446808510638;0;2;99;14.80486111111111;3.9256944444444444
9E7749;43;;2;0;0;0;0;1;0;0;40;2025-03-16_05:04;2025-03-16_05:04;;;2025-03-05_10:28;2025-03-05_11:57;2025-03-16_06:01;2025-03-21_23:10;1.5348837209302326;1;2;0.4186046511627907;0;2;142;16.529166666666665;5.754166666666666
9EDAF5;42;;2;0;0;0;0;1;0;0;39;2025-03-17_06:51;2025-03-17_06:51;;;2025-02-28_08:52;2025-03-05_08:03;2025-03-17_07:49;2025-03-25_04:22;1.4523809523809523;0;2;0.047619047619047616;0;1;193;24.8125;7.896527777777778
9EAB9F;41;;2;0;0;0;0;1;0;0;38;2025-03-17_07:03;2025-03-17_07:03;;;2025-02-28_09:43;2025-03-05_07:46;2025-03-17_08:02;2025-03-20_05:46;1.3902439024390243;0;2;0.12195121951219512;0;1;73;19.835416666666667;2.946527777777778
9EADA5;37;;2;0;0;0;0;1;0;0;34;2025-03-15_19:41;2025-03-15_19:41;;;2025-02-28_09:05;2025-03-04_14:51;2025-03-15_20:39;2025-03-26_08:16;1.4594594594594594;1;2;0.5945945945945946;0;2;258;25.965972222222224;10.524305555555555
9EA853;33;;2;1;0;0;0;1;0;0;29;2025-03-17_07:03;2025-03-17_07:03;;;2025-02-28_08:23;2025-03-05_07:55;2025-03-17_08:01;2025-03-24_06:42;1.4545454545454546;0;2;0.030303030303030304;0;1;171;23.929861111111112;6.985416666666667
9EAE00;29;;2;0;0;0;0;1;0;0;26;2025-03-11_19:54;2025-03-11_19:54;;;2025-02-28_08:58;2025-03-04_14:45;2025-03-11_20:52;2025-03-13_05:08;1.7586206896551724;1;2;0.3448275862068966;0;1;36;12.840277777777779;1.3847222222222222
9E7975;26;;2;0;0;0;0;1;0;0;23;2025-03-16_04:59;2025-03-16_04:59;;;2025-02-28_09:00;2025-03-05_09:02;2025-03-16_05:57;2025-03-17_10:00;1.7692307692307692;1;2;0.3076923076923077;0;2;32;17.041666666666668;1.2090277777777778
9E6DE9;26;;2;0;0;0;0;1;0;0;23;2025-03-11_19:34;2025-03-11_19:34;;;2025-02-28_09:28;2025-03-05_06:48;2025-03-11_20:32;2025-03-12_22:31;1.9230769230769231;1;2;0.38461538461538464;0;1;30;12.54375;1.1229166666666666
9E7D3F;25;;3;0;0;0;0;1;0;0;21;2025-03-16_05:13;2025-03-16_05:13;;;2025-02-28_09:34;2025-03-05_08:10;2025-03-16_06:11;2025-03-18_00:06;1.96;1;2;0.8;0;2;47;17.605555555555554;1.7868055555555555
9EABAD;25;;2;0;1;0;0;1;0;0;21;2025-03-16_04:59;2025-03-16_04:59;;;2025-03-05_10:49;2025-03-17_04:11;2025-03-16_05:57;2025-03-17_03:57;1.96;1;2;1.08;0;2;26;11.723611111111111;0.9569444444444445
9E7386;24;;2;0;0;0;0;1;0;0;21;2025-03-11_23:10;2025-03-11_23:10;;;2025-02-28_08:39;2025-03-05_07:51;2025-03-12_00:09;2025-03-18_13:49;1.75;1;2;0.125;0;1;161;18.21527777777778;6.610416666666667
9E73EA;24;;2;0;0;0;0;1;0;0;21;2025-03-16_05:09;2025-03-16_05:09;;;2025-02-28_09:33;2025-03-05_07:48;2025-03-16_06:07;2025-03-17_07:56;1.9166666666666667;1;2;0.7083333333333334;0;1;30;16.93263888888889;1.1159722222222221
9EAD73;23;;2;0;0;0;0;1;0;0;20;2025-03-11_23:15;2025-03-11_23:15;;;2025-02-28_09:47;2025-03-05_07:23;2025-03-12_00:13;2025-03-14_15:54;1.6956521739130435;1;2;0.13043478260869565;0;1;68;14.254861111111111;2.69375
9E6DEB;23;;6;0;0;0;0;1;0;0;16;2025-04-03_15:42;2025-04-03_15:42;;;2025-02-28_08:50;2025-04-04_08:08;2025-04-03_16:40;2025-04-04_07:37;2.0;2;2;1.9130434782608696;0;3;24;34.97083333333333;0.6631944444444444
9E6FBD;22;;2;0;0;0;0;0;0;0;20;;;;;2025-03-05_07:08;2025-03-05_07:09;2025-03-16_00:32;2025-03-26_15:04;2.0;2;2;0.0;0;0;263;21.330555555555556;
9E773B;21;;2;0;0;0;0;1;0;0;18;2025-03-15_19:44;2025-03-15_19:44;;;2025-02-28_08:24;2025-03-05_07:55;2025-03-15_20:42;2025-03-25_09:29;1.5238095238095237;1;2;0.2857142857142857;0;2;232;25.04513888888889;9.572916666666666
9EAE05;21;;2;0;0;0;0;1;0;0;18;2025-03-17_06:54;2025-03-17_06:54;;;2025-02-28_08:44;2025-03-05_06:31;2025-03-17_07:53;2025-03-20_02:22;1.6666666666666667;1;2;0.047619047619047616;0;1;70;19.73472222222222;2.811111111111111
9E7D3E;20;;2;0;0;0;0;1;0;0;17;2025-03-11_15:33;2025-03-11_15:33;;;2025-02-28_09:14;2025-03-05_06:58;2025-03-11_16:32;2025-03-15_10:23;1.8;1;2;0.15;0;1;93;15.047916666666667;3.7847222222222223
9E7751;13;;2;0;0;0;0;1;0;0;10;2025-03-11_19:24;2025-03-11_19:24;;;2025-03-04_12:14;2025-03-05_06:55;2025-03-11_20:23;2025-03-12_05:29;1.7692307692307692;1;2;0.23076923076923078;0;1;13;7.71875;0.4201388888888889
9E7D4C;11;;2;0;0;0;0;1;0;0;8;2025-03-16_04:58;2025-03-16_04:58;;;2025-03-05_10:27;2025-03-05_12:03;2025-03-16_05:56;2025-03-16_12:57;2.0;2;2;1.0909090909090908;0;2;11;11.104166666666666;0.3326388888888889
9EAE9D;10;;1;0;0;0;9;0;0;0;0;;;;;2025-03-05_10:34;2025-03-05_12:04;;;2.0;2;2;0.3;0;1;10;0.0625;
9E7986;8;;2;0;0;0;0;1;0;0;5;2025-03-11_19:33;2025-03-11_19:33;;;2025-02-28_09:36;2025-03-05_06:44;2025-03-11_20:32;2025-03-12_00:33;1.875;1;2;0.375;0;1;8;11.622916666666667;0.20833333333333334
9E6A22;6;;4;0;1;1;0;0;0;0;0;;;;;2025-02-28_08:39;2025-04-03_09:44;;;2.0;2;2;1.3333333333333333;0;3;6;34.045138888888886;
9EADA7;4;;4;0;0;0;0;0;0;0;0;;;;;2025-02-28_09:02;2025-04-03_09:54;;;2.0;2;2;1.25;0;3;6;34.03611111111111;
9E7736;3;;3;0;0;0;0;0;0;0;0;;;;;2025-02-28_08:36;2025-03-06_03:46;;;2.0;2;2;0.0;0;0;3;5.798611111111111;
9E7380;3;;2;0;0;0;1;0;0;0;0;;;;;2025-02-28_09:41;2025-04-03_09:42;;;2.0;2;2;1.0;0;3;4;34.00069444444444;
9E6FC7;3;;3;0;0;0;0;0;0;0;0;;;;;2025-03-05_10:35;2025-03-05_12:02;;;2.0;2;2;0.3333333333333333;0;1;3;0.06041666666666667;
9E77A6;3;;2;1;0;0;0;0;0;0;0;;;;;2025-02-28_09:40;2025-03-05_07:45;;;2.0;2;2;0.0;0;0;4;4.920138888888889;
9EADA9;3;;3;0;0;0;0;0;0;0;0;;;;;2025-03-05_10:25;2025-03-05_11:59;;;2.0;2;2;0.0;0;0;2;0.06527777777777778;
9E73E2;3;;2;1;0;0;0;0;0;0;0;;;;;2025-02-28_08:53;2025-03-05_06:20;;;2.0;2;2;0.0;0;0;3;4.89375;
9E6A20;3;;3;0;0;0;0;0;0;0;0;;;;;2025-02-28_08:53;2025-04-03_10:03;;;2.3333333333333335;2;3;1.0;0;3;3;34.048611111111114;
9E6C04;3;;3;0;0;0;0;0;0;0;0;;;;;2025-02-28_08:58;2025-04-03_09:38;;;2.0;2;2;0.6666666666666666;0;2;3;34.02777777777778;
9EAB4A;3;;3;0;0;0;0;0;0;0;0;;;;;2025-03-05_10:38;2025-03-05_12:16;;;2.0;2;2;0.3333333333333333;0;1;2;0.06805555555555555;
9EADAA;2;;2;0;0;0;0;0;0;0;0;;;;;2025-02-28_08:35;2025-03-05_07:57;;;2.0;2;2;0.0;0;0;2;4.973611111111111;
9EAEA0;2;;2;0;0;0;0;0;0;0;0;;;;;2025-02-28_09:33;2025-03-05_07:32;;;2.0;2;2;0.0;0;0;2;4.915972222222222;
9EAD64;2;;2;0;0;0;0;0;0;0;0;;;;;2025-02-28_09:30;2025-03-05_07:04;;;2.0;2;2;0.0;0;0;2;4.898611111111111;
9EAE8A;2;;2;0;0;0;0;0;0;0;0;;;;;2025-02-28_09:25;2025-03-05_07:00;;;2.0;2;2;0.0;0;0;2;4.899305555555555;
9EAED1;2;;2;0;0;0;0;0;0;0;0;;;;;2025-02-28_09:22;2025-03-05_06:51;;;2.0;2;2;0.0;0;0;1;4.895138888888889;
9EAE0C;2;;2;0;0;0;0;0;0;0;0;;;;;2025-02-28_09:34;2025-03-05_06:48;;;2.0;2;2;0.0;0;0;1;4.884722222222222;
9EAE0A;2;;2;0;0;0;0;0;0;0;0;;;;;2025-02-28_09:10;2025-03-04_14:59;;;2.0;2;2;0.5;0;1;2;4.242361111111111;
9EACF7;2;;2;0;0;0;0;0;0;0;0;;;;;2025-02-28_09:00;2025-03-05_09:09;;;2.0;2;2;0.5;0;1;2;5.00625;
9EAE9C;2;;2;0;0;0;0;0;0;0;0;;;;;2025-03-05_10:38;2025-03-05_12:05;;;2.0;2;2;0.0;0;0;2;0.06041666666666667;
9E77AB;2;;2;0;0;0;0;0;0;0;0;;;;;2025-02-28_09:49;2025-03-05_07:33;;;2.0;2;2;0.5;0;1;2;4.905555555555556;
9E774A;2;;2;0;0;0;0;0;0;0;0;;;;;2025-03-05_12:17;2025-03-05_12:17;;;2.0;2;2;0.5;0;1;2;0.0;
9E7D48;2;;2;0;0;0;0;0;0;0;0;;;;;2025-03-05_10:35;2025-03-05_11:57;;;2.0;2;2;1.0;1;1;1;0.05694444444444444;
9E7D46;2;;2;0;0;0;0;0;0;0;0;;;;;2025-02-28_09:17;2025-03-05_07:09;;;2.0;2;2;0.5;0;1;2;4.911111111111111;
9E7D49;2;;2;0;0;0;0;0;0;0;0;;;;;2025-02-28_09:20;2025-03-05_07:04;;;2.0;2;2;0.0;0;0;2;4.905555555555556;
9EA85C;2;;2;0;0;0;0;0;0;0;0;;;;;2025-02-28_09:29;2025-03-05_06:55;;;2.0;2;2;0.0;0;0;2;4.893055555555556;
9E792D;2;;2;0;0;0;0;0;0;0;0;;;;;2025-02-28_08:50;2025-03-05_06:37;;;2.0;2;2;0.0;0;0;2;4.907638888888889;
9EA857;2;;2;0;0;0;0;0;0;0;0;;;;;2025-02-28_08:52;2025-03-05_06:26;;;2.0;2;2;0.0;0;0;2;4.898611111111111;
9E7AF5;2;;2;0;0;0;0;0;0;0;0;;;;;2025-02-28_08:52;2025-03-05_06:26;;;2.0;2;2;0.0;0;0;2;4.898611111111111;
9EA8B6;2;;2;0;0;0;0;0;0;0;0;;;;;2025-03-05_10:38;2025-03-05_12:05;;;2.0;2;2;0.5;0;1;2;0.06041666666666667;
9EAB53;2;;2;0;0;0;0;0;0;0;0;;;;;2025-02-28_09:37;2025-03-05_07:28;;;2.0;2;2;0.5;0;1;2;4.910416666666666;
9E73DD;2;;2;0;0;0;0;0;0;0;0;;;;;2025-02-28_09:38;2025-03-05_06:53;;;2.0;2;2;0.0;0;0;2;4.885416666666667;
9E6FB7;2;;1;1;0;0;0;0;0;0;0;;;;;2025-02-28_09:15;2025-03-05_07:02;;;2.0;2;2;0.0;0;0;3;4.907638888888889;
9E6A2C;2;;2;0;0;0;0;0;0;0;0;;;;;2025-02-28_09:27;2025-03-05_07:05;;;2.0;2;2;0.0;0;0;2;4.901388888888889;
9E6A18;2;;2;0;0;0;0;0;0;0;0;;;;;2025-02-28_09:30;2025-03-05_07:05;;;2.0;2;2;0.0;0;0;2;4.899305555555555;
9E6A29;2;;2;0;0;0;0;0;0;0;0;;;;;2025-02-28_09:24;2025-03-05_07:10;;;2.0;2;2;0.0;0;0;2;4.906944444444444;
9E6DF1;2;;2;0;0;0;0;0;0;0;0;;;;;2025-02-28_09:49;2025-03-05_07:45;;;2.0;2;2;0.0;0;0;2;4.913888888888889;
9E7197;2;;2;0;0;0;0;0;0;0;0;;;;;2025-02-28_08:48;2025-03-05_07:52;;;2.0;2;2;0.0;0;0;2;4.961111111111111;
