device;computedLocation_lat;computedLocation_lng;computedLocation_radius;computedLocation_source;country;data;lqi;nbFrames;operator;rolloverCounter;seqNumber;time
009E6A24;41.032477;13.932462;7600;2;ITA;0506040130b2baeb90dbd7;3;3;SIGFOX_Italy_EIT_Smart;0;12;1744140958000
009E6A24;40.848049;14.082617;9600;2;ITA;03010100029218a494f1fd;0;3;SIGFOX_Italy_EIT_Smart;0;11;1744130181000
009E6A24;41.316313;13.297453;17900;2;ITA;005d65d75df389;1;3;SIGFOX_Italy_EIT_Smart;0;7;1744086794000
009E6A24;41.312399;13.280223;17600;2;ITA;005d75d759f358;1;3;SIGFOX_Italy_EIT_Smart;0;6;1744075878000
009E6A24;41.305904;13.284923;17600;2;ITA;005d75d85df2ed;1;3;SIGFOX_Italy_EIT_Smart;0;5;1744064965000
009E6A24;41.334509;13.281752;9100;2;ITA;01;1;3;SIGFOX_Italy_EIT_Smart;0;4;1744054163000
009E6A24;;;;;DEU;071000;2;3;SIGFOX_Germany;0;3;1743495939000
009E6A24;47.816873;9.008226;7900;2;DEU;072300;2;3;SIGFOX_Germany;0;2;1741952596000
009E6A24;;;;;DEU;072300;2;3;SIGFOX_Germany;0;1;1741950543000
009E6A2B;;;;;DEU;071000;2;3;SIGFOX_Germany;0;5;1743495642000
009E6A2B;;;;;DEU;072300;2;3;SIGFOX_Germany;0;4;1741952505000
009E6A2B;47.817062;9.008042;7700;2;DEU;072303;2;3;SIGFOX_Germany;0;3;1741951884000
009E6A2B;;;;;DEU;072305;2;3;SIGFOX_Germany;0;2;1741951585000
009E6A2B;;;;;DEU;072305;2;3;SIGFOX_Germany;0;1;1741950955000
009E6A2B;;;;;DEU;072305;2;3;SIGFOX_Germany;0;0;1741950324000
009E6C00;;;;;DEU;071000;2;3;SIGFOX_Germany;0;6;1743495215000
009E6C00;;;;;DEU;072300;2;3;SIGFOX_Germany;0;5;1741952262000
009E6C00;47.817667;9.008219;8000;2;DEU;072303;2;3;SIGFOX_Germany;0;4;1741951647000
009E6C00;;;;;DEU;072305;2;3;SIGFOX_Germany;0;3;1741951390000
009E6C00;;;;;DEU;072305;2;3;SIGFOX_Germany;0;2;1741950765000
009E6C00;;;;;DEU;072305;2;3;SIGFOX_Germany;0;1;1741950139000
009E6C00;;;;;DEU;072302;2;3;SIGFOX_Germany;0;0;1741949518000
009E6C10;41.339203;13.300819;9800;2;ITA;0059f374;1;3;SIGFOX_Italy_EIT_Smart;0;9;1744087071000
009E6C10;41.317456;13.214727;10500;2;ITA;005d75d759f35c;1;3;SIGFOX_Italy_EIT_Smart;0;8;1744075990000
009E6C10;41.342723;13.315114;11300;2;ITA;006185d659f2d1;1;3;SIGFOX_Italy_EIT_Smart;0;7;1744064915000
009E6C10;41.300659;13.374468;8500;2;ITA;008dc61861f21d;3;3;SIGFOX_Italy_EIT_Smart;0;6;1744053840000
009E6C10;41.294655;13.356525;9500;2;ITA;0076392598f1d9;3;3;SIGFOX_Italy_EIT_Smart;0;5;1744042801000
009E6C10;;;;;DEU;071000;2;3;SIGFOX_Germany;0;3;1743494792000
009E6C10;47.817079;9.009745;8400;2;DEU;072300;2;3;SIGFOX_Germany;0;2;1741951459000
009E6C10;;;;;DEU;072300;2;3;SIGFOX_Germany;0;1;1741949105000
009E6DD5;;;;;DEU;071000;2;3;SIGFOX_Germany;0;4;1743505887000
009E6DD5;47.816317;9.00779;8400;2;DEU;072300;2;3;SIGFOX_Germany;0;3;1741937841000
009E6DD5;;;;;DEU;072303;2;3;SIGFOX_Germany;0;2;1741937229000
009E6DD5;;;;;DEU;072300;2;3;SIGFOX_Germany;0;1;1741868070000
009E6DDA;41.1859;13.401233;15700;2;ITA;0081b65865f26f;2;3;SIGFOX_Italy_EIT_Smart;0;6;1744053675000
009E6DDA;41.179115;13.364725;18800;2;ITA;0075c76288f227;2;3;SIGFOX_Italy_EIT_Smart;0;5;1744042675000
009E6DDA;;;;;DEU;071000;2;1;SIGFOX_Germany;0;3;1743495070000
009E6DDA;47.81684;9.00698;8400;2;DEU;072300;2;3;SIGFOX_Germany;0;2;1741952381000
009E6DDA;;;;;DEU;072300;2;3;SIGFOX_Germany;0;1;1741950264000
009E6DDB;40.847558;14.080934;10800;2;ITA;050000000069b71d75f26f;0;1;SIGFOX_Italy_EIT_Smart;0;9;1744097744000
009E6DDB;41.3417;13.310958;8600;2;ITA;005965975df381;1;3;SIGFOX_Italy_EIT_Smart;0;8;1744086858000
009E6DDB;41.3436;13.318679;11100;2;ITA;005d75d759f369;1;3;SIGFOX_Italy_EIT_Smart;0;7;1744075933000
009E6DDB;41.344343;13.321696;11100;2;ITA;005d75d85df2ea;1;3;SIGFOX_Italy_EIT_Smart;0;6;1744065009000
009E6DDB;41.327868;13.254777;11200;2;ITA;01;0;3;SIGFOX_Italy_EIT_Smart;0;5;1744054198000
009E6DDB;;;;;DEU;071000;2;3;SIGFOX_Germany;0;4;1743495816000
009E6DDB;;;;;DEU;072300;2;3;SIGFOX_Germany;0;3;1741953544000
009E6DDB;47.817867;9.007339;8400;2;DEU;072303;2;3;SIGFOX_Germany;0;2;1741952930000
009E6DDB;;;;;DEU;072300;2;3;SIGFOX_Germany;0;1;1741951451000
009E6DED;41.339203;13.300819;8700;2;ITA;007dd69964f35c;1;3;SIGFOX_Italy_EIT_Smart;0;5;1744137816000
009E6DED;41.332806;13.274833;8900;2;ITA;01;1;3;SIGFOX_Italy_EIT_Smart;0;4;1744126974000
009E6DED;;;;;DEU;071000;2;3;SIGFOX_Germany;0;3;1743495968000
009E6DED;;;;;DEU;072300;2;3;SIGFOX_Germany;0;2;1741952807000
009E6DED;;;;;DEU;072300;2;3;SIGFOX_Germany;0;1;1741951381000
009E6DF2;41.317762;13.21426;12300;2;ITA;0068f601;0;3;SIGFOX_Italy_EIT_Smart;0;8;1744116696000
009E6DF2;41.307146;13.299298;19600;2;ITA;0065865969f60c;1;3;SIGFOX_Italy_EIT_Smart;0;7;1744105796000
009E6DF2;41.26887;13.388402;21000;2;ITA;0059659865f5af;1;3;SIGFOX_Italy_EIT_Smart;0;6;1744094889000
009E6DF2;41.303104;13.357552;20800;2;ITA;005d659759f58b;1;3;SIGFOX_Italy_EIT_Smart;0;5;1744083965000
009E6DF2;41.257117;13.431098;19400;2;ITA;005df55d;1;3;SIGFOX_Italy_EIT_Smart;0;4;1744073035000
009E6DF2;41.326408;13.248848;9700;2;ITA;01;1;3;SIGFOX_Italy_EIT_Smart;0;3;1744062219000
009E6DF2;;;;;DEU;071000;2;3;SIGFOX_Germany;0;2;1743506152000
009E6DF2;47.817602;9.010214;7900;2;DEU;072300;2;3;SIGFOX_Germany;0;1;1741865333000
009E6FB8;41.332941;13.338433;19200;2;ITA;0059f351;1;3;SIGFOX_Italy_EIT_Smart;0;9;1744087153000
009E6FB8;41.345903;13.328029;8800;2;ITA;005d75d759f339;1;3;SIGFOX_Italy_EIT_Smart;0;8;1744076144000
009E6FB8;41.340526;13.306191;14500;2;ITA;005d75d859f2bc;0;3;SIGFOX_Italy_EIT_Smart;0;7;1744065137000
009E6FB8;41.331102;13.267915;9100;2;ITA;01;1;3;SIGFOX_Italy_EIT_Smart;0;6;1744054241000
009E6FB8;;;;;DEU;072300;2;3;SIGFOX_Germany;0;4;1741952316000
009E6FB8;47.816641;9.008;8200;2;DEU;072303;2;3;SIGFOX_Germany;0;3;1741951698000
009E6FB8;;;;;DEU;072303;2;1;SIGFOX_Germany;0;2;1741951686000
009E6FB8;;;;;DEU;072300;2;3;SIGFOX_Germany;0;1;1741949947000
009E6FBE;41.337744;13.29489;9800;2;ITA;01;1;3;SIGFOX_Italy_EIT_Smart;0;5;1744054456000
009E6FBE;;;;;DEU;072300;2;3;SIGFOX_Germany;0;3;1741939869000
009E6FBE;;;;;DEU;072303;2;3;SIGFOX_Germany;0;2;1741939252000
009E6FBE;;;;;DEU;072300;2;3;SIGFOX_Germany;0;1;1741935966000
009E6FC3;41.347626;13.334056;9700;2;ITA;005d65d75df348;1;3;SIGFOX_Italy_EIT_Smart;0;6;1744086901000
009E6FC3;41.340526;13.306191;11200;2;ITA;005d75d759f327;1;3;SIGFOX_Italy_EIT_Smart;0;5;1744075893000
009E6FC3;41.337744;13.29489;9800;2;ITA;005df2a9;1;3;SIGFOX_Italy_EIT_Smart;0;4;1744064885000
009E6FC3;41.328587;13.363789;22800;2;ITA;01;1;3;SIGFOX_Italy_EIT_Smart;0;3;1744053993000
009E6FC3;;;;;DEU;071000;2;3;SIGFOX_Germany;0;2;1743505798000
009E6FC3;;;;;DEU;072300;2;3;SIGFOX_Germany;0;1;1741868990000
009E7377;41.337744;13.29489;9600;2;ITA;005965975df574;1;3;SIGFOX_Italy_EIT_Smart;0;8;1744086907000
009E7377;41.331102;13.267915;8800;2;ITA;005d75d759f551;1;3;SIGFOX_Italy_EIT_Smart;0;7;1744076033000
009E7377;41.334509;13.281752;9200;2;ITA;005df4cc;1;3;SIGFOX_Italy_EIT_Smart;0;6;1744065163000
009E7377;41.316527;13.234331;11500;2;ITA;01;1;3;SIGFOX_Italy_EIT_Smart;0;5;1744054402000
009E7377;;;;;DEU;071000;2;3;SIGFOX_Germany;0;4;1743495784000
009E7377;;;;;DEU;072300;2;3;SIGFOX_Germany;0;3;1741952333000
009E7377;47.817533;9.008614;8400;2;DEU;072303;2;3;SIGFOX_Germany;0;2;1741951722000
009E7377;;;;;DEU;072300;2;3;SIGFOX_Germany;0;1;1741950531000
009E737B;;;;;DEU;071000;2;3;SIGFOX_Germany;0;4;1743505919000
009E737B;;;;;DEU;072300;2;3;SIGFOX_Germany;0;3;1741937577000
009E737B;;;;;DEU;072305;2;3;SIGFOX_Germany;0;2;1741936965000
009E737B;;;;;DEU;072305;2;3;SIGFOX_Germany;0;1;1741936344000
009E7384;41.115773;13.654742;22400;2;ITA;0065961861f562;0;3;SIGFOX_Italy_EIT_Smart;0;14;1744143257000
009E7384;40.959173;13.848291;20600;2;ITA;01010000007df89f70f3ce;0;3;SIGFOX_Italy_EIT_Smart;0;13;1744132365000
009E7384;41.340526;13.306191;14200;2;ITA;005d75d659f56f;0;3;SIGFOX_Italy_EIT_Smart;0;8;1744078065000
009E7384;41.334509;13.281752;10100;2;ITA;00040100006186165df4ef;0;3;SIGFOX_Italy_EIT_Smart;0;7;1744067164000
009E7384;41.264776;13.459427;24400;2;ITA;0071a65961f3fc;0;3;SIGFOX_Italy_EIT_Smart;0;6;1744056261000
009E7384;41.346903;13.335361;11900;2;ITA;01;0;3;SIGFOX_Italy_EIT_Smart;0;5;1744045489000
009E7384;;;;;DEU;071000;2;3;SIGFOX_Germany;0;4;1743495501000
009E7384;;;;;DEU;071000;2;3;SIGFOX_Germany;0;3;1743495470000
009E7384;;;;;DEU;072300;2;3;SIGFOX_Germany;0;2;1741952965000
009E7384;47.816951;9.008427;8200;2;DEU;072303;2;3;SIGFOX_Germany;0;1;1741952353000
009E7384;;;;;DEU;072300;2;3;SIGFOX_Germany;0;0;1741950231000
009E73E6;41.327868;13.254777;9800;2;ITA;005965d75df534;1;3;SIGFOX_Italy_EIT_Smart;0;7;1744086973000
009E73E6;41.332806;13.274833;9200;2;ITA;005d75d759f516;1;3;SIGFOX_Italy_EIT_Smart;0;6;1744076133000
009E73E6;41.332806;13.274833;9100;2;ITA;005df497;1;3;SIGFOX_Italy_EIT_Smart;0;5;1744065293000
009E73E6;41.339203;13.300819;11100;2;ITA;01;1;3;SIGFOX_Italy_EIT_Smart;0;4;1744054566000
009E73E6;;;;;DEU;071000;2;3;SIGFOX_Germany;0;3;1743506188000
009E73E6;;;;;DEU;072300;2;3;SIGFOX_Germany;0;2;1741940502000
009E73E6;;;;;DEU;072300;2;3;SIGFOX_Germany;0;1;1741866247000
009E75B5;41.317473;13.214558;12600;2;ITA;000100010075e7a080f19d;0;3;SIGFOX_Italy_EIT_Smart;0;12;1744141111000
009E75B5;41.3417;13.310958;11300;2;ITA;005965d75df31f;1;3;SIGFOX_Italy_EIT_Smart;0;7;1744086986000
009E75B5;41.339203;13.300819;9800;2;ITA;005d75d759f304;1;3;SIGFOX_Italy_EIT_Smart;0;6;1744076096000
009E75B5;41.329443;13.261175;11200;2;ITA;005df28c;0;3;SIGFOX_Italy_EIT_Smart;0;5;1744065211000
009E75B5;41.334509;13.281752;9200;2;ITA;01;1;3;SIGFOX_Italy_EIT_Smart;0;4;1744054437000
009E75B5;;;;;DEU;071000;2;3;SIGFOX_Germany;0;3;1743495678000
009E75B5;;;;;DEU;072300;2;3;SIGFOX_Germany;0;2;1741951057000
009E75B5;;;;;DEU;072301;2;3;SIGFOX_Germany;0;1;1741950444000
009E773A;;;;;DEU;071000;2;3;SIGFOX_Germany;0;4;1743495333000
009E773A;;;;;DEU;072300;2;3;SIGFOX_Germany;0;3;1741953509000
009E773A;;;;;DEU;072303;2;3;SIGFOX_Germany;0;2;1741952895000
009E773A;;;;;DEU;072300;2;3;SIGFOX_Germany;0;1;1741950847000
009E778F;41.032915;13.951141;2400;2;ITA;0103175d7096491d74dd71;3;3;SIGFOX_Italy_EIT_Smart;0;12;1744141341000
009E778F;41.34736;13.334266;9700;2;ITA;005965965dfaa9;1;3;SIGFOX_Italy_EIT_Smart;0;7;1744086877000
009E778F;41.344965;13.32422;11100;2;ITA;005d75d759fa8d;1;3;SIGFOX_Italy_EIT_Smart;0;6;1744075869000
009E778F;41.342723;13.315114;11100;2;ITA;005d75d759f9d8;1;3;SIGFOX_Italy_EIT_Smart;0;5;1744064864000
009E778F;41.285957;13.36184;21100;2;ITA;01;1;3;SIGFOX_Italy_EIT_Smart;0;4;1744053972000
009E778F;;;;;DEU;071000;2;3;SIGFOX_Germany;0;3;1743506041000
009E778F;;;;;DEU;072300;2;3;SIGFOX_Germany;0;2;1741936947000
009E778F;;;;;DEU;072300;2;3;SIGFOX_Germany;0;1;1741936392000
009E7793;;;;;DEU;071000;2;3;SIGFOX_Germany;0;5;1743499523000
009E7793;;;;;DEU;072300;2;3;SIGFOX_Germany;0;4;1741942418000
009E7793;;;;;DEU;072300;2;3;SIGFOX_Germany;0;3;1741942350000
009E7793;;;;;DEU;072300;2;1;SIGFOX_Germany;0;2;1741942338000
009E7793;47.81761;9.00774;8000;2;DEU;072300;2;3;SIGFOX_Germany;0;1;1741868548000
009E7798;;;;;DEU;071000;2;1;SIGFOX_Germany;0;3;1743495906000
009E7798;;;;;DEU;072300;2;3;SIGFOX_Germany;0;2;1741952850000
009E7798;;;;;DEU;072300;2;3;SIGFOX_Germany;0;1;1741951514000
009E77A1;;;;;DEU;071000;2;3;SIGFOX_Germany;0;2;1743495272000
009E77A1;;;;;DEU;072300;2;3;SIGFOX_Germany;0;1;1741950340000
009E7927;41.336168;13.288491;8500;2;ITA;0079b65964f429;1;3;SIGFOX_Italy_EIT_Smart;0;6;1744138142000
009E7927;41.336168;13.288491;8500;2;ITA;01;1;3;SIGFOX_Italy_EIT_Smart;0;5;1744127403000
009E7927;;;;;DEU;071000;2;3;SIGFOX_Germany;0;4;1743495843000
009E7927;;;;;DEU;072300;2;3;SIGFOX_Germany;0;3;1741952810000
009E7927;47.817684;9.008965;7800;2;DEU;072303;2;3;SIGFOX_Germany;0;2;1741952194000
009E7927;;;;;DEU;072300;2;3;SIGFOX_Germany;0;1;1741950792000
009E7973;;;;;DEU;071000;2;3;SIGFOX_Germany;0;3;1743495417000
009E7973;;;;;DEU;072300;2;3;SIGFOX_Germany;0;2;1741951332000
009E7973;;;;;DEU;072300;2;3;SIGFOX_Germany;0;1;1741949814000
009E7AF9;41.312561;13.369985;16500;2;ITA;006d965964f352;2;3;SIGFOX_Italy_EIT_Smart;0;14;1744141250000
009E7AF9;41.305125;13.404112;18900;2;ITA;020101000089f75d70f1d7;2;3;SIGFOX_Italy_EIT_Smart;0;13;1744130278000
009E7AF9;41.337744;13.29489;11700;2;ITA;005df343;0;3;SIGFOX_Italy_EIT_Smart;0;9;1744086502000
009E7AF9;41.331102;13.267915;10900;2;ITA;005df321;0;3;SIGFOX_Italy_EIT_Smart;0;8;1744075510000
009E7AF9;41.340526;13.306191;10900;2;ITA;0061861759f293;1;3;SIGFOX_Italy_EIT_Smart;0;7;1744064519000
009E7AF9;41.257169;13.407531;11100;2;ITA;008dc61861f1e5;2;3;SIGFOX_Italy_EIT_Smart;0;6;1744053529000
009E7AF9;41.287321;13.388709;9500;2;ITA;007e18a394f1a3;2;3;SIGFOX_Italy_EIT_Smart;0;5;1744042566000
009E7AF9;;;;;DEU;071000;2;3;SIGFOX_Germany;0;3;1743495392000
009E7AF9;47.817423;9.00802;7700;2;DEU;072300;2;3;SIGFOX_Germany;0;2;1741951211000
009E7AF9;;;;;DEU;072300;2;3;SIGFOX_Germany;0;1;1741950238000
009E7B03;41.339203;13.300819;9800;2;ITA;0059f3dc;1;3;SIGFOX_Italy_EIT_Smart;0;9;1744086596000
009E7B03;41.340526;13.306191;11300;2;ITA;005d75d759f3ba;1;3;SIGFOX_Italy_EIT_Smart;0;8;1744075523000
009E7B03;41.336168;13.288491;11100;2;ITA;0061861759f329;0;3;SIGFOX_Italy_EIT_Smart;0;7;1744064455000
009E7B03;41.324153;13.324558;7600;2;ITA;0091d65861f280;3;3;SIGFOX_Italy_EIT_Smart;0;6;1744053394000
009E7B03;41.320905;13.299504;8100;2;ITA;0079c926a0f241;3;3;SIGFOX_Italy_EIT_Smart;0;5;1744042370000
009E7B03;;;;;DEU;071000;2;3;SIGFOX_Germany;0;3;1743495362000
009E7B03;;;;;DEU;072300;2;3;SIGFOX_Germany;0;2;1741952370000
009E7B03;47.817099;9.007569;8400;2;DEU;072303;2;3;SIGFOX_Germany;0;1;1741951748000
009E7B03;;;;;DEU;072300;2;3;SIGFOX_Germany;0;0;1741950491000
009E7CDD;41.313667;13.366411;16300;2;ITA;01010001016d965964f4ff;2;3;SIGFOX_Italy_EIT_Smart;0;13;1744140504000
009E7CDD;41.319361;13.320771;9300;2;ITA;020201000192075f6cf387;2;3;SIGFOX_Italy_EIT_Smart;0;12;1744129592000
009E7CDD;41.329443;13.261175;10700;2;ITA;005df506;1;3;SIGFOX_Italy_EIT_Smart;0;8;1744086080000
009E7CDD;41.317719;13.214795;9500;2;ITA;005df4cf;1;3;SIGFOX_Italy_EIT_Smart;0;7;1744075148000
009E7CDD;41.299261;13.203204;11500;2;ITA;0061861759f439;2;3;SIGFOX_Italy_EIT_Smart;0;6;1744064219000
009E7CDD;41.297759;13.264173;8000;2;ITA;0091e65861f377;2;3;SIGFOX_Italy_EIT_Smart;0;5;1744053291000
009E7CDD;41.313477;13.290747;8800;2;ITA;0075c9a7a0f355;3;3;SIGFOX_Italy_EIT_Smart;0;4;1744042396000
009E7CDD;;;;;DEU;071000;2;3;SIGFOX_Germany;0;2;1743495304000
009E7CDD;47.817603;9.009144;8400;2;DEU;072300;2;3;SIGFOX_Germany;0;1;1741950775000
009E7D3A;;;;;DEU;071000;2;3;SIGFOX_Germany;0;121;1743499627000
009E7D3A;47.817405;9.007056;7900;2;DEU;072300;2;3;SIGFOX_Germany;0;120;1741942564000
009E7D3A;;;;;DEU;072305;2;3;SIGFOX_Germany;0;119;1741941762000
009E7D3A;47.816199;9.006506;8400;2;DEU;072305;2;3;SIGFOX_Germany;0;118;1741941132000
009E7D3A;;;;;DEU;072305;2;3;SIGFOX_Germany;0;117;1741940503000
009E7D3A;;;;;DEU;072305;2;3;SIGFOX_Germany;0;116;1741939875000
009E7D3A;;;;;DEU;072305;2;3;SIGFOX_Germany;0;115;1741939245000
009E7D3A;;;;;DEU;072305;2;3;SIGFOX_Germany;0;114;1741938617000
009E7D3A;;;;;DEU;072305;2;3;SIGFOX_Germany;0;113;1741937987000
009E7D3A;;;;;DEU;072305;2;3;SIGFOX_Germany;0;112;1741937358000
009E7D3A;;;;;DEU;072305;2;3;SIGFOX_Germany;0;111;1741936729000
009E7D3A;47.817959;9.007838;8400;2;DEU;072305;2;3;SIGFOX_Germany;0;110;1741936100000
009E7D3A;47.818528;9.007563;8400;2;DEU;072305;2;3;SIGFOX_Germany;0;109;1741935471000
009E7D3A;;;;;DEU;072305;2;3;SIGFOX_Germany;0;108;1741934841000
009E7D3A;;;;;DEU;072305;2;3;SIGFOX_Germany;0;107;1741934212000
009E7D3A;;;;;DEU;072305;2;3;SIGFOX_Germany;0;106;1741933583000
009E7D3A;;;;;DEU;072305;2;3;SIGFOX_Germany;0;105;1741932953000
009E7D3A;;;;;DEU;072305;2;3;SIGFOX_Germany;0;104;1741932324000
009E7D3A;;;;;DEU;072305;2;3;SIGFOX_Germany;0;103;1741931694000
009E7D3A;;;;;DEU;072305;2;3;SIGFOX_Germany;0;102;1741931064000
009E7D3A;;;;;DEU;072305;2;3;SIGFOX_Germany;0;101;1741930435000
009E7D3A;;;;;DEU;072305;2;3;SIGFOX_Germany;0;100;1741929805000
009E7D3A;;;;;DEU;072305;2;3;SIGFOX_Germany;0;99;1741929176000
009E7D3A;;;;;DEU;072305;2;3;SIGFOX_Germany;0;98;1741928547000
009E7D3A;;;;;DEU;072305;2;3;SIGFOX_Germany;0;97;1741927917000
009E7D3A;;;;;DEU;072305;2;3;SIGFOX_Germany;0;96;1741927288000
009E7D3A;;;;;DEU;072305;2;3;SIGFOX_Germany;0;95;1741926658000
009E7D3A;;;;;DEU;072305;2;3;SIGFOX_Germany;0;94;1741926029000
009E7D3A;;;;;DEU;072305;2;3;SIGFOX_Germany;0;93;1741925400000
009E7D3A;;;;;DEU;072305;2;3;SIGFOX_Germany;0;92;1741924770000
009E7D3A;;;;;DEU;072305;2;3;SIGFOX_Germany;0;91;1741924141000
009E7D3A;;;;;DEU;072305;2;3;SIGFOX_Germany;0;90;1741923512000
009E7D3A;;;;;DEU;072305;2;3;SIGFOX_Germany;0;89;1741922882000
009E7D3A;;;;;DEU;072305;2;3;SIGFOX_Germany;0;88;1741922253000
009E7D3A;;;;;DEU;072305;2;3;SIGFOX_Germany;0;87;1741921623000
009E7D3A;;;;;DEU;072305;2;3;SIGFOX_Germany;0;86;1741920994000
009E7D3A;;;;;DEU;072305;2;3;SIGFOX_Germany;0;85;1741920365000
009E7D3A;;;;;DEU;072305;2;3;SIGFOX_Germany;0;84;1741919735000
009E7D3A;;;;;DEU;072305;2;3;SIGFOX_Germany;0;83;1741919106000
009E7D3A;;;;;DEU;072305;2;3;SIGFOX_Germany;0;82;1741918476000
009E7D3A;;;;;DEU;072305;2;3;SIGFOX_Germany;0;81;1741917847000
009E7D3A;;;;;DEU;072305;2;3;SIGFOX_Germany;0;80;1741917218000
009E7D3A;;;;;DEU;072305;2;3;SIGFOX_Germany;0;79;1741916588000
009E7D3A;;;;;DEU;072305;2;3;SIGFOX_Germany;0;78;1741915959000
009E7D3A;;;;;DEU;072305;2;3;SIGFOX_Germany;0;77;1741915330000
009E7D3A;;;;;DEU;072305;2;3;SIGFOX_Germany;0;76;1741914700000
009E7D3A;47.817266;9.00863;8400;2;DEU;072305;2;3;SIGFOX_Germany;0;75;1741914071000
009E7D3A;;;;;DEU;072305;2;3;SIGFOX_Germany;0;74;1741913441000
009E7D3A;;;;;DEU;072305;2;3;SIGFOX_Germany;0;73;1741912812000
009E7D3A;;;;;DEU;072305;2;3;SIGFOX_Germany;0;72;1741912183000
009E7D3A;47.818336;9.00817;8400;2;DEU;072305;2;3;SIGFOX_Germany;0;71;1741911553000
009E7D3A;;;;;DEU;072305;2;3;SIGFOX_Germany;0;70;1741910924000
009E7D3A;;;;;DEU;072305;2;3;SIGFOX_Germany;0;69;1741910294000
009E7D3A;;;;;DEU;072305;2;3;SIGFOX_Germany;0;68;1741909665000
009E7D3A;47.815305;9.007749;8400;2;DEU;072305;2;3;SIGFOX_Germany;0;67;1741909036000
009E7D3A;47.817829;9.007455;8400;2;DEU;072305;2;3;SIGFOX_Germany;0;66;1741908406000
009E7D3A;;;;;DEU;072305;2;3;SIGFOX_Germany;0;65;1741907778000
009E7D3A;47.816553;9.008771;8400;2;DEU;072305;2;3;SIGFOX_Germany;0;64;1741907149000
009E7D3A;;;;;DEU;072305;2;3;SIGFOX_Germany;0;63;1741906519000
009E7D3A;;;;;DEU;072305;2;3;SIGFOX_Germany;0;62;1741905890000
009E7D3A;;;;;DEU;072305;2;3;SIGFOX_Germany;0;61;1741905260000
009E7D3A;;;;;DEU;072305;2;3;SIGFOX_Germany;0;60;1741904631000
009E7D3A;;;;;DEU;072305;2;3;SIGFOX_Germany;0;59;1741904002000
009E7D3A;;;;;DEU;072305;2;3;SIGFOX_Germany;0;58;1741903372000
009E7D3A;;;;;DEU;072305;2;3;SIGFOX_Germany;0;57;1741902743000
009E7D3A;47.817101;9.007797;8400;2;DEU;072305;2;3;SIGFOX_Germany;0;56;1741902113000
009E7D3A;;;;;DEU;072305;2;3;SIGFOX_Germany;0;55;1741901485000
009E7D3A;47.818998;9.007554;8400;2;DEU;072305;2;3;SIGFOX_Germany;0;54;1741900855000
009E7D3A;;;;;DEU;072305;2;3;SIGFOX_Germany;0;53;1741900226000
009E7D3A;;;;;DEU;072305;2;3;SIGFOX_Germany;0;52;1741899597000
009E7D3A;;;;;DEU;072305;2;3;SIGFOX_Germany;0;51;1741898967000
009E7D3A;;;;;DEU;072305;2;3;SIGFOX_Germany;0;50;1741898338000
009E7D3A;;;;;DEU;072305;2;3;SIGFOX_Germany;0;49;1741897708000
009E7D3A;47.816378;9.006557;8400;2;DEU;072305;2;3;SIGFOX_Germany;0;48;1741897079000
009E7D3A;47.817582;9.007047;8400;2;DEU;072305;2;3;SIGFOX_Germany;0;47;1741896451000
009E7D3A;47.817233;9.007429;8400;2;DEU;072305;2;3;SIGFOX_Germany;0;46;1741895821000
009E7D3A;47.817829;9.009257;8400;2;DEU;072305;2;3;SIGFOX_Germany;0;45;1741895192000
009E7D3A;;;;;DEU;072305;2;3;SIGFOX_Germany;0;44;1741894562000
009E7D3A;47.816339;9.007521;8400;2;DEU;072305;2;3;SIGFOX_Germany;0;43;1741893933000
009E7D3A;47.818351;9.00797;8400;2;DEU;072305;2;3;SIGFOX_Germany;0;42;1741893305000
009E7D3A;47.817338;9.007521;8400;2;DEU;072305;2;3;SIGFOX_Germany;0;41;1741892675000
009E7D3A;;;;;DEU;072305;2;3;SIGFOX_Germany;0;40;1741892047000
009E7D3A;;;;;DEU;072305;2;3;SIGFOX_Germany;0;39;1741891418000
009E7D3A;47.81942;9.009521;8400;2;DEU;072305;2;3;SIGFOX_Germany;0;38;1741890788000
009E7D3A;;;;;DEU;072305;2;3;SIGFOX_Germany;0;37;1741890160000
009E7D3A;;;;;DEU;072305;2;3;SIGFOX_Germany;0;36;1741889530000
009E7D3A;;;;;DEU;072305;2;3;SIGFOX_Germany;0;35;1741888901000
009E7D3A;47.81712;9.007699;8400;2;DEU;072305;2;3;SIGFOX_Germany;0;34;1741888273000
009E7D3A;;;;;DEU;072305;2;3;SIGFOX_Germany;0;33;1741887643000
009E7D3A;;;;;DEU;072305;2;3;SIGFOX_Germany;0;32;1741887014000
009E7D3A;;;;;DEU;072305;2;3;SIGFOX_Germany;0;31;1741886385000
009E7D3A;;;;;DEU;072305;2;3;SIGFOX_Germany;0;30;1741885756000
009E7D3A;;;;;DEU;072305;2;3;SIGFOX_Germany;0;29;1741885128000
009E7D3A;;;;;DEU;072305;2;3;SIGFOX_Germany;0;28;1741884498000
009E7D3A;;;;;DEU;072305;2;3;SIGFOX_Germany;0;27;1741883870000
009E7D3A;;;;;DEU;072305;2;3;SIGFOX_Germany;0;26;1741883241000
009E7D3A;;;;;DEU;072305;2;3;SIGFOX_Germany;0;25;1741882612000
009E7D3A;;;;;DEU;072305;2;3;SIGFOX_Germany;0;24;1741881983000
009E7D3A;47.815486;9.005853;8400;2;DEU;072305;2;3;SIGFOX_Germany;0;23;1741881354000
009E7D3A;;;;;DEU;072305;2;3;SIGFOX_Germany;0;22;1741880726000
009E7D3A;47.816543;9.007298;8400;2;DEU;072305;2;3;SIGFOX_Germany;0;21;1741880098000
009E7D3A;;;;;DEU;072305;2;3;SIGFOX_Germany;0;20;1741879469000
009E7D3A;;;;;DEU;072305;2;3;SIGFOX_Germany;0;19;1741878840000
009E7D3A;;;;;DEU;072305;2;3;SIGFOX_Germany;0;18;1741878211000
009E7D3A;;;;;DEU;072305;2;3;SIGFOX_Germany;0;17;1741877583000
009E7D3A;47.816541;9.009379;8400;2;DEU;072305;2;3;SIGFOX_Germany;0;16;1741876955000
009E7D3A;;;;;DEU;072305;2;3;SIGFOX_Germany;0;15;1741876326000
009E7D3A;47.818817;9.007309;8200;2;DEU;072305;2;3;SIGFOX_Germany;0;14;1741875698000
009E7D3A;;;;;DEU;072305;2;3;SIGFOX_Germany;0;13;1741875068000
009E7D3A;;;;;DEU;072305;2;3;SIGFOX_Germany;0;12;1741874440000
009E7D3A;;;;;DEU;072305;2;3;SIGFOX_Germany;0;11;1741873812000
009E7D3A;47.814796;9.007103;8200;2;DEU;072305;2;3;SIGFOX_Germany;0;10;1741873183000
009E7D3A;47.815405;9.007804;8400;2;DEU;072305;2;3;SIGFOX_Germany;0;9;1741872555000
009E7D3A;;;;;DEU;072305;2;3;SIGFOX_Germany;0;8;1741871926000
009E7D3A;47.815256;9.007412;8400;2;DEU;072305;2;3;SIGFOX_Germany;0;7;1741871298000
009E7D3A;47.818857;9.006889;8400;2;DEU;072305;2;3;SIGFOX_Germany;0;6;1741870670000
009E7D3A;47.816729;9.010075;8400;2;DEU;072305;2;3;SIGFOX_Germany;0;5;1741870041000
009E7D3A;;;;;DEU;072305;2;3;SIGFOX_Germany;0;4;1741869413000
009E7D3A;47.817098;9.00772;8400;2;DEU;072305;2;3;SIGFOX_Germany;0;3;1741868785000
009E7D3A;47.816612;9.008268;8200;2;DEU;072305;2;3;SIGFOX_Germany;0;2;1741868156000
009E7D3A;47.817476;9.008796;8400;2;DEU;072305;2;3;SIGFOX_Germany;0;1;1741867530000
009E8D22;41.334509;13.281752;9600;2;ITA;005965d75df50a;1;3;SIGFOX_Italy_EIT_Smart;0;10;1744087071000
009E8D22;41.288984;13.169744;11200;2;ITA;005d75d759f4ec;1;3;SIGFOX_Italy_EIT_Smart;0;9;1744076042000
009E8D22;41.292832;13.185672;11600;2;ITA;0065861759f464;1;3;SIGFOX_Italy_EIT_Smart;0;8;1744065019000
009E8D22;41.198376;13.516114;10700;2;ITA;0089b65964f37c;2;3;SIGFOX_Italy_EIT_Smart;0;7;1744053999000
009E8D22;41.240158;13.42011;12600;2;ITA;010000000075c7e59cf348;2;3;SIGFOX_Italy_EIT_Smart;0;6;1744043006000
009E8D22;;;;;DEU;071000;2;3;SIGFOX_Germany;0;4;1743496083000
009E8D22;;;;;DEU;072300;2;3;SIGFOX_Germany;0;3;1741953269000
009E8D22;;;;;DEU;072303;2;3;SIGFOX_Germany;0;2;1741952650000
009E8D22;;;;;DEU;072300;2;3;SIGFOX_Germany;0;1;1741951237000
009EA80E;41.339203;13.300819;11300;2;ITA;0061861759f4a8;0;3;SIGFOX_Italy_EIT_Smart;0;8;1744064288000
009EA80E;41.31365;13.328625;8500;2;ITA;008dd65861f3da;2;3;SIGFOX_Italy_EIT_Smart;0;7;1744053349000
009EA80E;41.316724;13.316185;7900;2;ITA;0075c8e498f3ab;2;3;SIGFOX_Italy_EIT_Smart;0;6;1744042439000
009EA80E;;;;;DEU;071000;2;3;SIGFOX_Germany;0;4;1743494669000
009EA80E;;;;;DEU;071000;2;3;SIGFOX_Germany;0;3;1743494622000
009EA80E;;;;;DEU;072300;2;3;SIGFOX_Germany;0;2;1741952020000
009EA80E;47.815417;9.008543;8200;2;DEU;072303;2;3;SIGFOX_Germany;0;1;1741951406000
009EA80E;;;;;DEU;072300;2;3;SIGFOX_Germany;0;0;1741949148000
009EA855;;;;;DEU;071000;2;3;SIGFOX_Germany;0;4;1743499573000
009EA855;47.818281;9.007088;7900;2;DEU;072300;2;3;SIGFOX_Germany;0;3;1741942535000
009EA855;;;;;DEU;072303;2;3;SIGFOX_Germany;0;2;1741941929000
009EA855;;;;;DEU;072300;2;3;SIGFOX_Germany;0;1;1741867477000
009EA8B3;41.29382;13.254705;22100;2;ITA;0069961861f349;1;3;SIGFOX_Italy_EIT_Smart;0;15;1744141970000
009EA8B3;41.290132;13.265965;22300;2;ITA;030001000089e7df74f1fd;1;3;SIGFOX_Italy_EIT_Smart;0;14;1744130926000
009EA8B3;41.348835;13.334767;8100;2;ITA;005965965df337;1;3;SIGFOX_Italy_EIT_Smart;0;10;1744086915000
009EA8B3;41.319685;13.274003;15700;2;ITA;005d75d759f315;1;3;SIGFOX_Italy_EIT_Smart;0;9;1744075842000
009EA8B3;41.319685;13.274003;15600;2;ITA;000000010061861759f289;2;3;SIGFOX_Italy_EIT_Smart;0;8;1744064773000
009EA8B3;41.184824;13.44513;13000;2;ITA;008dc65861f1df;2;3;SIGFOX_Italy_EIT_Smart;0;7;1744053709000
009EA8B3;41.17134;13.467304;13000;2;ITA;0075c9279cf197;2;3;SIGFOX_Italy_EIT_Smart;0;6;1744042680000
009EA8B3;;;;;DEU;071000;2;3;SIGFOX_Germany;0;4;1743499493000
009EA8B3;;;;;DEU;072300;2;3;SIGFOX_Germany;0;3;1741941559000
009EA8B3;47.817564;9.006498;8400;2;DEU;072303;2;3;SIGFOX_Germany;0;2;1741940938000
009EA8B3;;;;;DEU;072300;2;3;SIGFOX_Germany;0;1;1741866396000
009EAA79;41.332806;13.274833;8000;2;ITA;0059f37b;1;3;SIGFOX_Italy_EIT_Smart;0;9;1744087048000
009EAA79;41.332806;13.274833;8500;2;ITA;005d75d759f363;1;3;SIGFOX_Italy_EIT_Smart;0;8;1744076046000
009EAA79;41.334509;13.281752;8800;2;ITA;0065861759f2d9;1;3;SIGFOX_Italy_EIT_Smart;0;7;1744065046000
009EAA79;41.13218;13.557204;14300;2;ITA;0081b65861f225;2;3;SIGFOX_Italy_EIT_Smart;0;6;1744054053000
009EAA79;41.234856;13.41697;14300;2;ITA;0075c82594f1dd;2;3;SIGFOX_Italy_EIT_Smart;0;5;1744043085000
009EAA79;;;;;DEU;071000;2;3;SIGFOX_Germany;0;3;1743499928000
009EAA79;;;;;DEU;072300;2;3;SIGFOX_Germany;0;2;1741940997000
009EAA79;;;;;DEU;072300;2;3;SIGFOX_Germany;0;1;1741866496000
009EAA7A;;;;;DEU;071000;2;3;SIGFOX_Germany;0;3;1743495578000
009EAA7A;47.817461;9.008524;8400;2;DEU;072300;2;3;SIGFOX_Germany;0;2;1741952139000
009EAA7A;;;;;DEU;072300;2;3;SIGFOX_Germany;0;1;1741950751000
009EAAC9;41.210484;13.777518;12200;2;ITA;4a290008027a185f78f21f;1;3;SIGFOX_Italy_EIT_Smart;0;14;1744142299000
009EAAC9;41.336168;13.288491;10800;2;ITA;005d75d759f317;1;3;SIGFOX_Italy_EIT_Smart;0;8;1744076252000
009EAAC9;41.329443;13.261175;10700;2;ITA;005df292;1;3;SIGFOX_Italy_EIT_Smart;0;7;1744065174000
009EAAC9;41.319642;13.213886;11600;2;ITA;01;0;3;SIGFOX_Italy_EIT_Smart;0;6;1744054212000
009EAAC9;;;;;DEU;071000;2;3;SIGFOX_Germany;0;5;1743506067000
009EAAC9;;;;;DEU;072300;2;3;SIGFOX_Germany;0;4;1741940139000
009EAAC9;;;;;DEU;072303;2;3;SIGFOX_Germany;0;3;1741939517000
009EAAC9;;;;;DEU;072303;2;3;SIGFOX_Germany;0;2;1741939504000
009EAAC9;;;;;DEU;072300;2;3;SIGFOX_Germany;0;1;1741936296000
009EAAD4;41.326107;13.295612;18000;2;ITA;006596da68f415;1;3;SIGFOX_Italy_EIT_Smart;0;9;1744111329000
009EAAD4;41.310495;13.285381;17500;2;ITA;00010000005d761965f3d5;2;3;SIGFOX_Italy_EIT_Smart;0;8;1744100393000
009EAAD4;41.319392;13.320939;18900;2;ITA;02020302005975d759f36b;1;3;SIGFOX_Italy_EIT_Smart;0;7;1744089443000
009EAAD4;41.285957;13.36184;20000;2;ITA;00020101025d75d659f374;2;3;SIGFOX_Italy_EIT_Smart;0;6;1744078480000
009EAAD4;41.32609;13.301255;17100;2;ITA;00000000026195d65df304;2;3;SIGFOX_Italy_EIT_Smart;0;5;1744067518000
009EAAD4;41.302364;13.403092;23000;2;ITA;0071a65964f237;1;3;SIGFOX_Italy_EIT_Smart;0;4;1744056564000
009EAAD4;41.205768;13.547863;22400;2;ITA;01;1;3;SIGFOX_Italy_EIT_Smart;0;3;1744045738000
009EAAD4;;;;;DEU;071000;2;3;SIGFOX_Germany;0;2;1743499955000
009EAAD4;47.817064;9.005695;8400;2;DEU;072300;2;3;SIGFOX_Germany;0;1;1741942449000
009EAAD5;41.334509;13.281752;8000;2;ITA;0064f6f8;1;3;SIGFOX_Italy_EIT_Smart;0;143;1744143626000
009EAAD5;41.315862;13.281243;17600;2;ITA;01010000007df81e6cf5b4;2;3;SIGFOX_Italy_EIT_Smart;0;142;1744132671000
009EAAD5;41.337744;13.29489;10000;2;ITA;005d75d659f725;1;3;SIGFOX_Italy_EIT_Smart;0;137;1744078019000
009EAAD5;41.327868;13.254777;10500;2;ITA;006196165df6a8;1;3;SIGFOX_Italy_EIT_Smart;0;136;1744067046000
009EAAD5;41.233865;13.354691;24400;2;ITA;0071a65961f5b6;1;3;SIGFOX_Italy_EIT_Smart;0;135;1744056079000
009EAAD5;41.317122;13.213371;9500;2;ITA;01;1;1;SIGFOX_Italy_EIT_Smart;0;134;1744045238000
009EAAD5;;;;;DEU;071000;2;3;SIGFOX_Germany;0;133;1743499904000
009EAAD5;;;;;DEU;072305;2;3;SIGFOX_Germany;0;132;1741949247000
009EAAD5;;;;;DEU;072305;2;3;SIGFOX_Germany;0;131;1741948617000
009EAAD5;;;;;DEU;072305;2;3;SIGFOX_Germany;0;130;1741947989000
009EAAD5;;;;;DEU;072305;2;3;SIGFOX_Germany;0;129;1741947359000
009EAAD5;;;;;DEU;072305;2;3;SIGFOX_Germany;0;128;1741946731000
009EAAD5;;;;;DEU;072305;2;3;SIGFOX_Germany;0;127;1741946103000
009EAAD5;;;;;DEU;072305;2;3;SIGFOX_Germany;0;126;1741945474000
009EAAD5;;;;;DEU;072305;2;3;SIGFOX_Germany;0;125;1741944846000
009EAAD5;;;;;DEU;072305;2;3;SIGFOX_Germany;0;124;1741944217000
009EAAD5;;;;;DEU;072305;2;3;SIGFOX_Germany;0;123;1741943589000
009EAAD5;;;;;DEU;072305;2;3;SIGFOX_Germany;0;122;1741942960000
009EAAD5;;;;;DEU;072305;2;3;SIGFOX_Germany;0;121;1741942332000
009EAAD5;;;;;DEU;072305;2;3;SIGFOX_Germany;0;120;1741941704000
009EAAD5;;;;;DEU;072305;2;3;SIGFOX_Germany;0;119;1741941075000
009EAAD5;;;;;DEU;072305;2;3;SIGFOX_Germany;0;118;1741940447000
009EAAD5;;;;;DEU;072305;2;3;SIGFOX_Germany;0;117;1741939819000
009EAAD5;;;;;DEU;072305;2;3;SIGFOX_Germany;0;116;1741939190000
009EAAD5;;;;;DEU;072305;2;3;SIGFOX_Germany;0;115;1741938562000
009EAAD5;;;;;DEU;072305;2;3;SIGFOX_Germany;0;114;1741937933000
009EAAD5;;;;;DEU;072305;2;3;SIGFOX_Germany;0;113;1741937305000
009EAAD5;;;;;DEU;072305;2;3;SIGFOX_Germany;0;112;1741936677000
009EAAD5;;;;;DEU;072305;2;3;SIGFOX_Germany;0;111;1741936048000
009EAAD5;;;;;DEU;072305;2;3;SIGFOX_Germany;0;110;1741935420000
009EAAD5;;;;;DEU;072305;2;3;SIGFOX_Germany;0;109;1741934791000
009EAAD5;;;;;DEU;072305;2;3;SIGFOX_Germany;0;108;1741934163000
009EAAD5;;;;;DEU;072305;2;3;SIGFOX_Germany;0;107;1741933535000
009EAAD5;;;;;DEU;072305;2;3;SIGFOX_Germany;0;106;1741932906000
009EAAD5;;;;;DEU;072305;2;3;SIGFOX_Germany;0;105;1741932278000
009EAAD5;;;;;DEU;072305;2;3;SIGFOX_Germany;0;104;1741931650000
009EAAD5;;;;;DEU;072305;2;3;SIGFOX_Germany;0;103;1741931021000
009EAAD5;;;;;DEU;072305;2;3;SIGFOX_Germany;0;102;1741930393000
009EAAD5;;;;;DEU;072305;2;3;SIGFOX_Germany;0;101;1741929764000
009EAAD5;;;;;DEU;072305;2;3;SIGFOX_Germany;0;100;1741929135000
009EAAD5;;;;;DEU;072305;2;3;SIGFOX_Germany;0;99;1741928507000
009EAAD5;;;;;DEU;072305;2;3;SIGFOX_Germany;0;98;1741927878000
009EAAD5;;;;;DEU;072305;2;3;SIGFOX_Germany;0;97;1741927250000
009EAAD5;;;;;DEU;072305;2;3;SIGFOX_Germany;0;96;1741926621000
009EAAD5;;;;;DEU;072305;2;3;SIGFOX_Germany;0;95;1741925993000
009EAAD5;;;;;DEU;072305;2;3;SIGFOX_Germany;0;94;1741925364000
009EAAD5;;;;;DEU;072305;2;3;SIGFOX_Germany;0;93;1741924735000
009EAAD5;;;;;DEU;072305;2;3;SIGFOX_Germany;0;92;1741924107000
009EAAD5;47.818335;9.006983;8400;2;DEU;072305;2;3;SIGFOX_Germany;0;91;1741923479000
009EAAD5;;;;;DEU;072305;2;3;SIGFOX_Germany;0;90;1741922849000
009EAAD5;47.816601;9.008909;8400;2;DEU;072305;2;3;SIGFOX_Germany;0;89;1741922221000
009EAAD5;;;;;DEU;072305;2;3;SIGFOX_Germany;0;88;1741921592000
009EAAD5;;;;;DEU;072305;2;3;SIGFOX_Germany;0;87;1741920964000
009EAAD5;;;;;DEU;072305;2;3;SIGFOX_Germany;0;86;1741920335000
009EAAD5;;;;;DEU;072305;2;3;SIGFOX_Germany;0;85;1741919706000
009EAAD5;;;;;DEU;072305;2;3;SIGFOX_Germany;0;84;1741919078000
009EAAD5;;;;;DEU;072305;2;3;SIGFOX_Germany;0;83;1741918449000
009EAAD5;;;;;DEU;072305;2;3;SIGFOX_Germany;0;82;1741917821000
009EAAD5;;;;;DEU;072305;2;3;SIGFOX_Germany;0;81;1741917193000
009EAAD5;;;;;DEU;072305;2;3;SIGFOX_Germany;0;80;1741916563000
009EAAD5;;;;;DEU;072305;2;3;SIGFOX_Germany;0;79;1741915935000
009EAAD5;47.816516;9.00895;8400;2;DEU;072305;2;3;SIGFOX_Germany;0;78;1741915307000
009EAAD5;;;;;DEU;072305;2;3;SIGFOX_Germany;0;77;1741914678000
009EAAD5;;;;;DEU;072305;2;3;SIGFOX_Germany;0;76;1741914050000
009EAAD5;;;;;DEU;072305;2;3;SIGFOX_Germany;0;75;1741913421000
009EAAD5;;;;;DEU;072305;2;3;SIGFOX_Germany;0;74;1741912793000
009EAAD5;;;;;DEU;072305;2;3;SIGFOX_Germany;0;73;1741912165000
009EAAD5;;;;;DEU;072305;2;3;SIGFOX_Germany;0;72;1741911536000
009EAAD5;;;;;DEU;072305;2;3;SIGFOX_Germany;0;71;1741910908000
009EAAD5;;;;;DEU;072305;2;3;SIGFOX_Germany;0;70;1741910279000
009EAAD5;;;;;DEU;072305;2;3;SIGFOX_Germany;0;69;1741909651000
009EAAD5;;;;;DEU;072305;2;3;SIGFOX_Germany;0;68;1741909023000
009EAAD5;;;;;DEU;072305;2;3;SIGFOX_Germany;0;67;1741908394000
009EAAD5;;;;;DEU;072305;2;3;SIGFOX_Germany;0;66;1741907767000
009EAAD5;;;;;DEU;072305;2;3;SIGFOX_Germany;0;65;1741907137000
009EAAD5;;;;;DEU;072305;2;3;SIGFOX_Germany;0;64;1741906508000
009EAAD5;;;;;DEU;072305;2;3;SIGFOX_Germany;0;63;1741905880000
009EAAD5;;;;;DEU;072305;2;3;SIGFOX_Germany;0;62;1741905251000
009EAAD5;;;;;DEU;072305;2;3;SIGFOX_Germany;0;61;1741904623000
009EAAD5;;;;;DEU;072305;2;3;SIGFOX_Germany;0;60;1741903995000
009EAAD5;;;;;DEU;072305;2;3;SIGFOX_Germany;0;59;1741903366000
009EAAD5;;;;;DEU;072305;2;3;SIGFOX_Germany;0;58;1741902738000
009EAAD5;;;;;DEU;072305;2;3;SIGFOX_Germany;0;57;1741902109000
009EAAD5;47.817308;9.007819;8400;2;DEU;072305;2;3;SIGFOX_Germany;0;56;1741901482000
009EAAD5;;;;;DEU;072305;2;3;SIGFOX_Germany;0;55;1741900853000
009EAAD5;;;;;DEU;072305;2;3;SIGFOX_Germany;0;54;1741900225000
009EAAD5;;;;;DEU;072305;2;3;SIGFOX_Germany;0;53;1741899597000
009EAAD5;;;;;DEU;072305;2;3;SIGFOX_Germany;0;52;1741898968000
009EAAD5;;;;;DEU;072305;2;3;SIGFOX_Germany;0;51;1741898340000
009EAAD5;;;;;DEU;072305;2;3;SIGFOX_Germany;0;50;1741897711000
009EAAD5;;;;;DEU;072305;2;3;SIGFOX_Germany;0;49;1741897083000
009EAAD5;;;;;DEU;072305;2;3;SIGFOX_Germany;0;48;1741896455000
009EAAD5;;;;;DEU;072305;2;3;SIGFOX_Germany;0;47;1741895826000
009EAAD5;;;;;DEU;072305;2;3;SIGFOX_Germany;0;46;1741895198000
009EAAD5;47.818319;9.007933;8400;2;DEU;072305;2;3;SIGFOX_Germany;0;45;1741894569000
009EAAD5;;;;;DEU;072305;2;3;SIGFOX_Germany;0;44;1741893941000
009EAAD5;;;;;DEU;072305;2;3;SIGFOX_Germany;0;43;1741893313000
009EAAD5;;;;;DEU;072305;2;3;SIGFOX_Germany;0;42;1741892684000
009EAAD5;;;;;DEU;072305;2;3;SIGFOX_Germany;0;41;1741892056000
009EAAD5;;;;;DEU;072305;2;3;SIGFOX_Germany;0;40;1741891428000
009EAAD5;;;;;DEU;072305;2;3;SIGFOX_Germany;0;39;1741890799000
009EAAD5;47.815603;9.007249;8400;2;DEU;072305;2;3;SIGFOX_Germany;0;38;1741890171000
009EAAD5;;;;;DEU;072305;2;3;SIGFOX_Germany;0;37;1741889542000
009EAAD5;47.817996;9.008339;8400;2;DEU;072305;2;3;SIGFOX_Germany;0;36;1741888915000
009EAAD5;47.817378;9.006062;8400;2;DEU;072305;2;3;SIGFOX_Germany;0;35;1741888287000
009EAAD5;;;;;DEU;072305;2;3;SIGFOX_Germany;0;34;1741887658000
009EAAD5;;;;;DEU;072305;2;3;SIGFOX_Germany;0;33;1741887030000
009EAAD5;;;;;DEU;072305;2;3;SIGFOX_Germany;0;32;1741886401000
009EAAD5;47.817225;9.007416;8400;2;DEU;072305;2;3;SIGFOX_Germany;0;31;1741885774000
009EAAD5;;;;;DEU;072305;2;3;SIGFOX_Germany;0;30;1741885146000
009EAAD5;;;;;DEU;072305;2;3;SIGFOX_Germany;0;29;1741884517000
009EAAD5;47.819477;9.006976;8400;2;DEU;072305;2;3;SIGFOX_Germany;0;28;1741883889000
009EAAD5;;;;;DEU;072305;2;3;SIGFOX_Germany;0;27;1741883262000
009EAAD5;;;;;DEU;072305;2;3;SIGFOX_Germany;0;26;1741882633000
009EAAD5;;;;;DEU;072305;2;3;SIGFOX_Germany;0;25;1741882005000
009EAAD5;;;;;DEU;072305;2;3;SIGFOX_Germany;0;24;1741881376000
009EAAD5;;;;;DEU;072305;2;3;SIGFOX_Germany;0;23;1741880749000
009EAAD5;;;;;DEU;072305;2;3;SIGFOX_Germany;0;22;1741880121000
009EAAD5;;;;;DEU;072305;2;3;SIGFOX_Germany;0;21;1741879492000
009EAAD5;;;;;DEU;072305;2;3;SIGFOX_Germany;0;20;1741878865000
009EAAD5;;;;;DEU;072305;2;3;SIGFOX_Germany;0;19;1741878236000
009EAAD5;;;;;DEU;072305;2;3;SIGFOX_Germany;0;18;1741877608000
009EAAD5;;;;;DEU;072305;2;3;SIGFOX_Germany;0;17;1741876981000
009EAAD5;;;;;DEU;072305;2;3;SIGFOX_Germany;0;16;1741876352000
009EAAD5;;;;;DEU;072305;2;3;SIGFOX_Germany;0;15;1741875724000
009EAAD5;;;;;DEU;072305;2;3;SIGFOX_Germany;0;14;1741875097000
009EAAD5;;;;;DEU;072305;2;3;SIGFOX_Germany;0;13;1741874468000
009EAAD5;;;;;DEU;072305;2;3;SIGFOX_Germany;0;12;1741873841000
009EAAD5;;;;;DEU;072305;2;3;SIGFOX_Germany;0;11;1741873212000
009EAAD5;;;;;DEU;072305;2;3;SIGFOX_Germany;0;10;1741872585000
009EAAD5;;;;;DEU;072305;2;3;SIGFOX_Germany;0;9;1741871956000
009EAAD5;;;;;DEU;072305;2;3;SIGFOX_Germany;0;8;1741871329000
009EAAD5;;;;;DEU;072305;2;3;SIGFOX_Germany;0;7;1741870701000
009EAAD5;;;;;DEU;072305;2;3;SIGFOX_Germany;0;6;1741870073000
009EAAD5;;;;;DEU;072305;2;3;SIGFOX_Germany;0;5;1741869445000
009EAAD5;;;;;DEU;072305;2;3;SIGFOX_Germany;0;4;1741868818000
009EAAD5;;;;;DEU;072305;2;3;SIGFOX_Germany;0;3;1741868190000
009EAAD5;;;;;DEU;072305;2;3;SIGFOX_Germany;0;2;1741867562000
009EAAD5;;;;;DEU;072305;2;3;SIGFOX_Germany;0;1;1741866935000
009EAB47;41.348778;13.334193;11700;2;ITA;005d75d759c09b;0;3;SIGFOX_Italy_EIT_Smart;0;6;1744076482000
009EAB47;41.331102;13.267915;9600;2;ITA;005dc149;1;3;SIGFOX_Italy_EIT_Smart;0;5;1744065442000
009EAB47;41.318258;13.214852;11100;2;ITA;01;0;3;SIGFOX_Italy_EIT_Smart;0;4;1744054515000
009EAB47;;;;;DEU;071000;2;3;SIGFOX_Germany;0;3;1743506098000
009EAB47;;;;;DEU;072300;2;3;SIGFOX_Germany;0;2;1741939462000
009EAB47;;;;;DEU;072300;2;3;SIGFOX_Germany;0;1;1741936775000
009EAB47;;;;;DEU;072301;2;3;SIGFOX_Germany;0;0;1741936155000
009EABA4;41.276701;13.289159;21300;2;ITA;0064f7bf;1;3;SIGFOX_Italy_EIT_Smart;0;13;1744144063000
009EABA4;41.340526;13.306191;7300;2;ITA;005d75d659f7f7;2;3;SIGFOX_Italy_EIT_Smart;0;7;1744078022000
009EABA4;41.3436;13.318679;7400;2;ITA;006196165df773;2;3;SIGFOX_Italy_EIT_Smart;0;6;1744066965000
009EABA4;41.282268;13.359377;21100;2;ITA;0071a65961f652;0;3;SIGFOX_Italy_EIT_Smart;0;5;1744055918000
009EABA4;41.30979;13.361218;21100;2;ITA;01;1;3;SIGFOX_Italy_EIT_Smart;0;4;1744045004000
009EABA4;;;;;DEU;071000;2;3;SIGFOX_Germany;0;3;1743499831000
009EABA4;47.81683;9.008531;8400;2;DEU;072300;2;3;SIGFOX_Germany;0;2;1741941179000
009EABA4;;;;;DEU;072300;2;3;SIGFOX_Germany;0;1;1741867075000
009EABAB;41.306215;13.231446;14000;2;ITA;0064f653;2;3;SIGFOX_Italy_EIT_Smart;0;13;1744143972000
009EABAB;41.322754;13.267264;11700;2;ITA;0079f81e6cf639;2;3;SIGFOX_Italy_EIT_Smart;0;12;1744132997000
009EABAB;41.346672;13.334991;11700;2;ITA;005d76175df669;0;3;SIGFOX_Italy_EIT_Smart;0;7;1744078246000
009EABAB;41.3436;13.318679;11300;2;ITA;006196165df5e6;1;3;SIGFOX_Italy_EIT_Smart;0;6;1744067254000
009EABAB;40.848438;14.082576;10800;2;ITA;0075a65961f4fb;0;3;SIGFOX_Italy_EIT_Smart;0;5;1744056269000
009EABAB;41.264776;13.459427;24400;2;ITA;01;0;3;SIGFOX_Italy_EIT_Smart;0;4;1744045409000
009EABAB;;;;;DEU;071000;2;3;SIGFOX_Germany;0;3;1743495443000
009EABAB;;;;;DEU;072300;2;3;SIGFOX_Germany;0;2;1741952103000
009EABAB;;;;;DEU;072303;2;3;SIGFOX_Germany;0;1;1741951485000
009EABAB;;;;;DEU;072300;2;3;SIGFOX_Germany;0;0;1741949068000
009EAD39;41.301215;13.357013;19000;2;ITA;0071965964f623;1;3;SIGFOX_Italy_EIT_Smart;0;15;1744140648000
009EAD39;41.326105;13.328969;18600;2;ITA;030200000092075f78f493;1;3;SIGFOX_Italy_EIT_Smart;0;14;1744129720000
009EAD39;41.347202;13.335081;10200;2;ITA;005965d659f646;1;3;SIGFOX_Italy_EIT_Smart;0;10;1744086131000
009EAD39;41.346248;13.329433;12000;2;ITA;005975d75df60f;1;3;SIGFOX_Italy_EIT_Smart;0;9;1744075173000
009EAD39;41.344343;13.321696;14500;2;ITA;0061861759f57a;1;3;SIGFOX_Italy_EIT_Smart;0;8;1744064220000
009EAD39;41.278555;13.420542;7500;2;ITA;008dd65861f498;2;3;SIGFOX_Italy_EIT_Smart;0;7;1744053269000
009EAD39;41.297496;13.374689;8500;2;ITA;007a08a394f469;2;3;SIGFOX_Italy_EIT_Smart;0;6;1744042351000
009EAD39;;;;;DEU;071000;2;3;SIGFOX_Germany;0;4;1743494816000
009EAD39;47.819335;9.007829;8200;2;DEU;072300;2;3;SIGFOX_Germany;0;3;1741951508000
009EAD39;47.818617;9.007447;8400;2;DEU;072300;2;3;SIGFOX_Germany;0;2;1741949653000
009EAD39;47.817108;9.007104;8400;2;DEU;072301;2;3;SIGFOX_Germany;0;1;1741949037000
009EADAC;41.340526;13.306191;13500;2;ITA;005965d75df952;1;3;SIGFOX_Italy_EIT_Smart;0;8;1744087082000
009EADAC;41.336168;13.288491;11100;2;ITA;005d75d759f940;0;3;SIGFOX_Italy_EIT_Smart;0;7;1744076127000
009EADAC;41.336168;13.288491;10100;2;ITA;005df8a2;1;3;SIGFOX_Italy_EIT_Smart;0;6;1744065175000
009EADAC;41.30299;13.344199;19900;2;ITA;01;1;3;SIGFOX_Italy_EIT_Smart;0;5;1744054335000
009EADAC;;;;;DEU;071000;2;3;SIGFOX_Germany;0;4;1743505854000
009EADAC;;;;;DEU;072300;2;1;SIGFOX_Germany;0;3;1741937291000
009EADAC;;;;;DEU;072300;2;3;SIGFOX_Germany;0;2;1741937269000
009EADAC;47.817517;9.006544;8200;2;DEU;072300;2;3;SIGFOX_Germany;0;1;1741868156000
009EADE2;41.347741;13.333286;12300;2;ITA;006185d65df628;0;3;SIGFOX_Italy_EIT_Smart;0;7;1744067433000
009EADE2;41.219778;13.506227;22400;2;ITA;0071a65861f525;0;3;SIGFOX_Italy_EIT_Smart;0;6;1744056502000
009EADE2;41.247622;13.485136;22400;2;ITA;01;0;3;SIGFOX_Italy_EIT_Smart;0;5;1744045706000
009EADE2;;;;;DEU;071000;2;1;SIGFOX_Germany;0;4;1743499997000
009EADE2;47.816105;9.008118;8400;2;DEU;072300;2;3;SIGFOX_Germany;0;3;1741941135000
009EADE2;;;;;DEU;072300;2;3;SIGFOX_Germany;0;2;1741867732000
009EADE2;;;;;DEU;072305;2;3;SIGFOX_Germany;0;1;1741867116000
009EADEF;;;;;DEU;071000;2;3;SIGFOX_Germany;0;4;1743499801000
009EADEF;;;;;DEU;072300;2;3;SIGFOX_Germany;0;3;1741941818000
009EADEF;;;;;DEU;072303;2;3;SIGFOX_Germany;0;2;1741941202000
009EADEF;;;;;DEU;072300;2;3;SIGFOX_Germany;0;1;1741867631000
009EADF9;;;;;DEU;071000;2;3;SIGFOX_Germany;0;5;1743495528000
009EADF9;;;;;DEU;072300;2;3;SIGFOX_Germany;0;4;1741952731000
009EADF9;47.815332;9.009802;7800;2;DEU;072303;2;3;SIGFOX_Germany;0;3;1741952113000
009EADF9;;;;;DEU;072305;2;3;SIGFOX_Germany;0;2;1741951606000
009EADF9;;;;;DEU;072305;2;3;SIGFOX_Germany;0;1;1741950979000
009EAE08;41.334509;13.281752;9200;2;ITA;005965d65df35a;1;3;SIGFOX_Italy_EIT_Smart;0;6;1744086451000
009EAE08;41.336168;13.288491;9900;2;ITA;005d75d759f342;1;3;SIGFOX_Italy_EIT_Smart;0;5;1744075615000
009EAE08;41.334509;13.281752;9100;2;ITA;01;1;3;SIGFOX_Italy_EIT_Smart;0;3;1744054066000
009EAE08;;;;;DEU;071000;2;3;SIGFOX_Germany;0;2;1743495874000
009EAE08;;;;;DEU;072300;2;3;SIGFOX_Germany;0;1;1741951208000
009EAE96;;;;;DEU;071000;2;3;SIGFOX_Germany;0;2;1743499780000
009EAE96;47.815824;9.007368;8400;2;DEU;072300;2;3;SIGFOX_Germany;0;1;1741867400000
009EAF4F;41.32617;13.309488;17200;2;ITA;003b0000;2;3;SIGFOX_Italy_EIT_Smart;0;13;1744142745000
009EAF4F;41.302564;13.368413;19600;2;ITA;03010000003b0000;2;3;SIGFOX_Italy_EIT_Smart;0;12;1744131591000
009EAF4F;41.316783;13.213267;12600;2;ITA;003b0000;0;3;SIGFOX_Italy_EIT_Smart;0;8;1744087128000
009EAF4F;41.315837;13.214662;12300;2;ITA;003b0000;0;3;SIGFOX_Italy_EIT_Smart;0;7;1744075952000
009EAF4F;41.237144;13.556992;24000;2;ITA;003b0000;2;3;SIGFOX_Italy_EIT_Smart;0;6;1744064777000
009EAF4F;41.260761;13.398777;9000;2;ITA;003b0000;3;3;SIGFOX_Italy_EIT_Smart;0;5;1744053609000
009EAF4F;41.299153;13.327909;9300;2;ITA;003b0000;3;3;SIGFOX_Italy_EIT_Smart;0;4;1744042471000
009EAF4F;;;;;DEU;071000;2;1;SIGFOX_Germany;0;2;1743505949000
009EAF4F;;;;;DEU;072300;2;3;SIGFOX_Germany;0;1;1741936731000
009ED92C;41.318627;13.337052;18700;2;ITA;0075965964f3af;2;3;SIGFOX_Italy_EIT_Smart;0;13;1744140701000
009ED92C;41.307536;13.35402;18700;2;ITA;020201000096075f7cf23f;1;3;SIGFOX_Italy_EIT_Smart;0;12;1744129753000
009ED92C;41.265547;13.311483;23100;2;ITA;0059f39f;1;3;SIGFOX_Italy_EIT_Smart;0;8;1744086083000
009ED92C;41.317891;13.213993;9800;2;ITA;005975d759f37f;1;3;SIGFOX_Italy_EIT_Smart;0;7;1744075101000
009ED92C;41.288405;13.32211;8900;2;ITA;008dd65861f244;3;3;SIGFOX_Italy_EIT_Smart;0;5;1744053143000
009ED92C;41.271464;13.345728;8900;2;ITA;007e28e498f207;3;3;SIGFOX_Italy_EIT_Smart;0;4;1744042204000
009ED92C;;;;;DEU;071000;2;3;SIGFOX_Germany;0;2;1743500067000
009ED92C;;;;;DEU;072300;2;3;SIGFOX_Germany;0;1;1741867069000
009EDB03;41.331102;13.267915;9200;2;ITA;005965965df81c;1;3;SIGFOX_Italy_EIT_Smart;0;7;1744086596000
009EDB03;41.340526;13.306191;11300;2;ITA;005d75d759f7f7;1;3;SIGFOX_Italy_EIT_Smart;0;6;1744075636000
009EDB03;41.336168;13.288491;9600;2;ITA;000000010061861759f74d;1;3;SIGFOX_Italy_EIT_Smart;0;5;1744064680000
009EDB03;41.278351;13.303198;15500;2;ITA;008dc65861f5e5;2;3;SIGFOX_Italy_EIT_Smart;0;4;1744053730000
009EDB03;41.2896;13.325145;13900;2;ITA;0075f967a0f5bc;2;3;SIGFOX_Italy_EIT_Smart;0;3;1744042806000
009EDB03;;;;;DEU;071000;2;3;SIGFOX_Germany;0;1;1743495246000
009EDB03;;;;;DEU;072300;2;3;SIGFOX_Germany;0;0;1741950391000
